REGION,FUEL,YEAR,VALUE
REGION1,AGRDSL,2020,0
REGION1,AGRELCB02,2020,0
REGION1,AGRNGS,2020,0
REGION1,AGRWATBC1,2020,0
REGION1,BIO,2020,0
REGION1,COA,2020,0
REGION1,COMBIO,2020,0
REGION1,COMELCB02,2020,57
REGION1,COMKER,2020,0
REGION1,COMNGS,2020,0
REGION1,CRPALF,2020,0
REGION1,CRPBRL,2020,0
REGION1,CRPMAI,2020,0
REGION1,CRPOAT,2020,0
REGION1,CRPOTH,2020,0
REGION1,CRPPEA,2020,0
REGION1,CRPPTW,2020,0
REGION1,CRPRAP,2020,0
REGION1,CRPRYE,2020,0
REGION1,CRPWHE,2020,0
REGION1,CRU,2020,0
REGION1,DSL,2020,0
REGION1,ELCB01,2020,0
REGION1,ELCB02,2020,0
REGION1,GEO,2020,0
REGION1,GSL,2020,0
REGION1,HFO,2020,0
REGION1,HYD,2020,0
REGION1,INDBIO,2020,0
REGION1,INDDSL,2020,0
REGION1,INDELCB02,2020,101.14
REGION1,INDNGS,2020,0
REGION1,JFL,2020,0
REGION1,KER,2020,0
REGION1,LALFHIBC1,2020,0
REGION1,LALFHRBC1,2020,0
REGION1,LALFIIBC1,2020,0
REGION1,LALFIRBC1,2020,0
REGION1,LALFLRBC1,2020,0
REGION1,LBARBC1,2020,0
REGION1,LBC1,2020,0
REGION1,LBLTBC1,2020,0
REGION1,LBRLHIBC1,2020,0
REGION1,LBRLHRBC1,2020,0
REGION1,LBRLIIBC1,2020,0
REGION1,LBRLIRBC1,2020,0
REGION1,LBRLLRBC1,2020,0
REGION1,LFORBC1,2020,0
REGION1,LGRSBC1,2020,0
REGION1,LMAIHIBC1,2020,0
REGION1,LMAIHRBC1,2020,0
REGION1,LMAIIIBC1,2020,0
REGION1,LMAIIRBC1,2020,0
REGION1,LMAILRBC1,2020,0
REGION1,LND4PWR,2020,0
REGION1,LOATHIBC1,2020,0
REGION1,LOATHRBC1,2020,0
REGION1,LOATIIBC1,2020,0
REGION1,LOATIRBC1,2020,0
REGION1,LOATLRBC1,2020,0
REGION1,LOTHBC1,2020,0
REGION1,LOTHHIBC1,2020,0
REGION1,LOTHHRBC1,2020,0
REGION1,LOTHIIBC1,2020,0
REGION1,LOTHIRBC1,2020,0
REGION1,LOTHLRBC1,2020,0
REGION1,LPEAHIBC1,2020,0
REGION1,LPEAHRBC1,2020,0
REGION1,LPEAIIBC1,2020,0
REGION1,LPEAIRBC1,2020,0
REGION1,LPEALRBC1,2020,0
REGION1,LPG,2020,0
REGION1,LPTWHIBC1,2020,0
REGION1,LPTWHRBC1,2020,0
REGION1,LPTWIIBC1,2020,0
REGION1,LPTWIRBC1,2020,0
REGION1,LPTWLRBC1,2020,0
REGION1,LRAPHIBC1,2020,0
REGION1,LRAPHRBC1,2020,0
REGION1,LRAPIIBC1,2020,0
REGION1,LRAPIRBC1,2020,0
REGION1,LRAPLRBC1,2020,0
REGION1,LRYEHIBC1,2020,0
REGION1,LRYEHRBC1,2020,0
REGION1,LRYEIIBC1,2020,0
REGION1,LRYEIRBC1,2020,0
REGION1,LRYELRBC1,2020,0
REGION1,LWATBC1,2020,0
REGION1,LWHEHIBC1,2020,0
REGION1,LWHEHRBC1,2020,0
REGION1,LWHEIIBC1,2020,0
REGION1,LWHEIRBC1,2020,0
REGION1,LWHELRBC1,2020,0
REGION1,NGS,2020,0
REGION1,PUBWATBC1,2020,0
REGION1,PWRBIO,2020,0
REGION1,PWRGEO,2020,0
REGION1,PWRHYD,2020,0
REGION1,PWRNGS,2020,0
REGION1,PWRSOL,2020,0
REGION1,PWRURN,2020,0
REGION1,PWRWATBC1,2020,0
REGION1,PWRWND,2020,0
REGION1,RESBIO,2020,0
REGION1,RESELCB02,2020,74.47
REGION1,RESKER,2020,0
REGION1,RESNGS,2020,0
REGION1,SOL,2020,0
REGION1,TRABIO,2020,0
REGION1,TRADSL,2020,0
REGION1,TRAELCB02,2020,1.24
REGION1,TRAGSL,2020,0
REGION1,TRAHFO,2020,0
REGION1,TRAJFL,2020,0
REGION1,TRALPG,2020,0
REGION1,TRANGS,2020,0
REGION1,URN,2020,0
REGION1,WND,2020,0
REGION1,WTREVTBC1,2020,0
REGION1,WTRGRCBC1,2020,0
REGION1,WTRPRCBC1,2020,0
REGION1,WTRSURBC1,2020,0
REGION1,AGRDSL,2021,0
REGION1,AGRELCB02,2021,0
REGION1,AGRNGS,2021,0
REGION1,AGRWATBC1,2021,0
REGION1,BIO,2021,0
REGION1,COA,2021,0
REGION1,COMBIO,2021,0
REGION1,COMELCB02,2021,58.29
REGION1,COMKER,2021,0
REGION1,COMNGS,2021,0
REGION1,CRPALF,2021,0
REGION1,CRPBRL,2021,0
REGION1,CRPMAI,2021,0
REGION1,CRPOAT,2021,0
REGION1,CRPOTH,2021,0
REGION1,CRPPEA,2021,0
REGION1,CRPPTW,2021,0
REGION1,CRPRAP,2021,0
REGION1,CRPRYE,2021,0
REGION1,CRPWHE,2021,0
REGION1,CRU,2021,0
REGION1,DSL,2021,0
REGION1,ELCB01,2021,0
REGION1,ELCB02,2021,0
REGION1,GEO,2021,0
REGION1,GSL,2021,0
REGION1,HFO,2021,0
REGION1,HYD,2021,0
REGION1,INDBIO,2021,0
REGION1,INDDSL,2021,0
REGION1,INDELCB02,2021,101.4
REGION1,INDNGS,2021,0
REGION1,JFL,2021,0
REGION1,KER,2021,0
REGION1,LALFHIBC1,2021,0
REGION1,LALFHRBC1,2021,0
REGION1,LALFIIBC1,2021,0
REGION1,LALFIRBC1,2021,0
REGION1,LALFLRBC1,2021,0
REGION1,LBARBC1,2021,0
REGION1,LBC1,2021,0
REGION1,LBLTBC1,2021,0
REGION1,LBRLHIBC1,2021,0
REGION1,LBRLHRBC1,2021,0
REGION1,LBRLIIBC1,2021,0
REGION1,LBRLIRBC1,2021,0
REGION1,LBRLLRBC1,2021,0
REGION1,LFORBC1,2021,0
REGION1,LGRSBC1,2021,0
REGION1,LMAIHIBC1,2021,0
REGION1,LMAIHRBC1,2021,0
REGION1,LMAIIIBC1,2021,0
REGION1,LMAIIRBC1,2021,0
REGION1,LMAILRBC1,2021,0
REGION1,LND4PWR,2021,0
REGION1,LOATHIBC1,2021,0
REGION1,LOATHRBC1,2021,0
REGION1,LOATIIBC1,2021,0
REGION1,LOATIRBC1,2021,0
REGION1,LOATLRBC1,2021,0
REGION1,LOTHBC1,2021,0
REGION1,LOTHHIBC1,2021,0
REGION1,LOTHHRBC1,2021,0
REGION1,LOTHIIBC1,2021,0
REGION1,LOTHIRBC1,2021,0
REGION1,LOTHLRBC1,2021,0
REGION1,LPEAHIBC1,2021,0
REGION1,LPEAHRBC1,2021,0
REGION1,LPEAIIBC1,2021,0
REGION1,LPEAIRBC1,2021,0
REGION1,LPEALRBC1,2021,0
REGION1,LPG,2021,0
REGION1,LPTWHIBC1,2021,0
REGION1,LPTWHRBC1,2021,0
REGION1,LPTWIIBC1,2021,0
REGION1,LPTWIRBC1,2021,0
REGION1,LPTWLRBC1,2021,0
REGION1,LRAPHIBC1,2021,0
REGION1,LRAPHRBC1,2021,0
REGION1,LRAPIIBC1,2021,0
REGION1,LRAPIRBC1,2021,0
REGION1,LRAPLRBC1,2021,0
REGION1,LRYEHIBC1,2021,0
REGION1,LRYEHRBC1,2021,0
REGION1,LRYEIIBC1,2021,0
REGION1,LRYEIRBC1,2021,0
REGION1,LRYELRBC1,2021,0
REGION1,LWATBC1,2021,0
REGION1,LWHEHIBC1,2021,0
REGION1,LWHEHRBC1,2021,0
REGION1,LWHEIIBC1,2021,0
REGION1,LWHEIRBC1,2021,0
REGION1,LWHELRBC1,2021,0
REGION1,NGS,2021,0
REGION1,PUBWATBC1,2021,0
REGION1,PWRBIO,2021,0
REGION1,PWRGEO,2021,0
REGION1,PWRHYD,2021,0
REGION1,PWRNGS,2021,0
REGION1,PWRSOL,2021,0
REGION1,PWRURN,2021,0
REGION1,PWRWATBC1,2021,0
REGION1,PWRWND,2021,0
REGION1,RESBIO,2021,0
REGION1,RESELCB02,2021,76.13
REGION1,RESKER,2021,0
REGION1,RESNGS,2021,0
REGION1,SOL,2021,0
REGION1,TRABIO,2021,0
REGION1,TRADSL,2021,0
REGION1,TRAELCB02,2021,1.62
REGION1,TRAGSL,2021,0
REGION1,TRAHFO,2021,0
REGION1,TRAJFL,2021,0
REGION1,TRALPG,2021,0
REGION1,TRANGS,2021,0
REGION1,URN,2021,0
REGION1,WND,2021,0
REGION1,WTREVTBC1,2021,0
REGION1,WTRGRCBC1,2021,0
REGION1,WTRPRCBC1,2021,0
REGION1,WTRSURBC1,2021,0
REGION1,AGRDSL,2022,0
REGION1,AGRELCB02,2022,0
REGION1,AGRNGS,2022,0
REGION1,AGRWATBC1,2022,0
REGION1,BIO,2022,0
REGION1,COA,2022,0
REGION1,COMBIO,2022,0
REGION1,COMELCB02,2022,59.36
REGION1,COMKER,2022,0
REGION1,COMNGS,2022,0
REGION1,CRPALF,2022,0
REGION1,CRPBRL,2022,0
REGION1,CRPMAI,2022,0
REGION1,CRPOAT,2022,0
REGION1,CRPOTH,2022,0
REGION1,CRPPEA,2022,0
REGION1,CRPPTW,2022,0
REGION1,CRPRAP,2022,0
REGION1,CRPRYE,2022,0
REGION1,CRPWHE,2022,0
REGION1,CRU,2022,0
REGION1,DSL,2022,0
REGION1,ELCB01,2022,0
REGION1,ELCB02,2022,0
REGION1,GEO,2022,0
REGION1,GSL,2022,0
REGION1,HFO,2022,0
REGION1,HYD,2022,0
REGION1,INDBIO,2022,0
REGION1,INDDSL,2022,0
REGION1,INDELCB02,2022,101.77
REGION1,INDNGS,2022,0
REGION1,JFL,2022,0
REGION1,KER,2022,0
REGION1,LALFHIBC1,2022,0
REGION1,LALFHRBC1,2022,0
REGION1,LALFIIBC1,2022,0
REGION1,LALFIRBC1,2022,0
REGION1,LALFLRBC1,2022,0
REGION1,LBARBC1,2022,0
REGION1,LBC1,2022,0
REGION1,LBLTBC1,2022,0
REGION1,LBRLHIBC1,2022,0
REGION1,LBRLHRBC1,2022,0
REGION1,LBRLIIBC1,2022,0
REGION1,LBRLIRBC1,2022,0
REGION1,LBRLLRBC1,2022,0
REGION1,LFORBC1,2022,0
REGION1,LGRSBC1,2022,0
REGION1,LMAIHIBC1,2022,0
REGION1,LMAIHRBC1,2022,0
REGION1,LMAIIIBC1,2022,0
REGION1,LMAIIRBC1,2022,0
REGION1,LMAILRBC1,2022,0
REGION1,LND4PWR,2022,0
REGION1,LOATHIBC1,2022,0
REGION1,LOATHRBC1,2022,0
REGION1,LOATIIBC1,2022,0
REGION1,LOATIRBC1,2022,0
REGION1,LOATLRBC1,2022,0
REGION1,LOTHBC1,2022,0
REGION1,LOTHHIBC1,2022,0
REGION1,LOTHHRBC1,2022,0
REGION1,LOTHIIBC1,2022,0
REGION1,LOTHIRBC1,2022,0
REGION1,LOTHLRBC1,2022,0
REGION1,LPEAHIBC1,2022,0
REGION1,LPEAHRBC1,2022,0
REGION1,LPEAIIBC1,2022,0
REGION1,LPEAIRBC1,2022,0
REGION1,LPEALRBC1,2022,0
REGION1,LPG,2022,0
REGION1,LPTWHIBC1,2022,0
REGION1,LPTWHRBC1,2022,0
REGION1,LPTWIIBC1,2022,0
REGION1,LPTWIRBC1,2022,0
REGION1,LPTWLRBC1,2022,0
REGION1,LRAPHIBC1,2022,0
REGION1,LRAPHRBC1,2022,0
REGION1,LRAPIIBC1,2022,0
REGION1,LRAPIRBC1,2022,0
REGION1,LRAPLRBC1,2022,0
REGION1,LRYEHIBC1,2022,0
REGION1,LRYEHRBC1,2022,0
REGION1,LRYEIIBC1,2022,0
REGION1,LRYEIRBC1,2022,0
REGION1,LRYELRBC1,2022,0
REGION1,LWATBC1,2022,0
REGION1,LWHEHIBC1,2022,0
REGION1,LWHEHRBC1,2022,0
REGION1,LWHEIIBC1,2022,0
REGION1,LWHEIRBC1,2022,0
REGION1,LWHELRBC1,2022,0
REGION1,NGS,2022,0
REGION1,PUBWATBC1,2022,0
REGION1,PWRBIO,2022,0
REGION1,PWRGEO,2022,0
REGION1,PWRHYD,2022,0
REGION1,PWRNGS,2022,0
REGION1,PWRSOL,2022,0
REGION1,PWRURN,2022,0
REGION1,PWRWATBC1,2022,0
REGION1,PWRWND,2022,0
REGION1,RESBIO,2022,0
REGION1,RESELCB02,2022,77.71
REGION1,RESKER,2022,0
REGION1,RESNGS,2022,0
REGION1,SOL,2022,0
REGION1,TRABIO,2022,0
REGION1,TRADSL,2022,0
REGION1,TRAELCB02,2022,2.08
REGION1,TRAGSL,2022,0
REGION1,TRAHFO,2022,0
REGION1,TRAJFL,2022,0
REGION1,TRALPG,2022,0
REGION1,TRANGS,2022,0
REGION1,URN,2022,0
REGION1,WND,2022,0
REGION1,WTREVTBC1,2022,0
REGION1,WTRGRCBC1,2022,0
REGION1,WTRPRCBC1,2022,0
REGION1,WTRSURBC1,2022,0
REGION1,AGRDSL,2023,0
REGION1,AGRELCB02,2023,0
REGION1,AGRNGS,2023,0
REGION1,AGRWATBC1,2023,0
REGION1,BIO,2023,0
REGION1,COA,2023,0
REGION1,COMBIO,2023,0
REGION1,COMELCB02,2023,60.24
REGION1,COMKER,2023,0
REGION1,COMNGS,2023,0
REGION1,CRPALF,2023,0
REGION1,CRPBRL,2023,0
REGION1,CRPMAI,2023,0
REGION1,CRPOAT,2023,0
REGION1,CRPOTH,2023,0
REGION1,CRPPEA,2023,0
REGION1,CRPPTW,2023,0
REGION1,CRPRAP,2023,0
REGION1,CRPRYE,2023,0
REGION1,CRPWHE,2023,0
REGION1,CRU,2023,0
REGION1,DSL,2023,0
REGION1,ELCB01,2023,0
REGION1,ELCB02,2023,0
REGION1,GEO,2023,0
REGION1,GSL,2023,0
REGION1,HFO,2023,0
REGION1,HYD,2023,0
REGION1,INDBIO,2023,0
REGION1,INDDSL,2023,0
REGION1,INDELCB02,2023,102.35
REGION1,INDNGS,2023,0
REGION1,JFL,2023,0
REGION1,KER,2023,0
REGION1,LALFHIBC1,2023,0
REGION1,LALFHRBC1,2023,0
REGION1,LALFIIBC1,2023,0
REGION1,LALFIRBC1,2023,0
REGION1,LALFLRBC1,2023,0
REGION1,LBARBC1,2023,0
REGION1,LBC1,2023,0
REGION1,LBLTBC1,2023,0
REGION1,LBRLHIBC1,2023,0
REGION1,LBRLHRBC1,2023,0
REGION1,LBRLIIBC1,2023,0
REGION1,LBRLIRBC1,2023,0
REGION1,LBRLLRBC1,2023,0
REGION1,LFORBC1,2023,0
REGION1,LGRSBC1,2023,0
REGION1,LMAIHIBC1,2023,0
REGION1,LMAIHRBC1,2023,0
REGION1,LMAIIIBC1,2023,0
REGION1,LMAIIRBC1,2023,0
REGION1,LMAILRBC1,2023,0
REGION1,LND4PWR,2023,0
REGION1,LOATHIBC1,2023,0
REGION1,LOATHRBC1,2023,0
REGION1,LOATIIBC1,2023,0
REGION1,LOATIRBC1,2023,0
REGION1,LOATLRBC1,2023,0
REGION1,LOTHBC1,2023,0
REGION1,LOTHHIBC1,2023,0
REGION1,LOTHHRBC1,2023,0
REGION1,LOTHIIBC1,2023,0
REGION1,LOTHIRBC1,2023,0
REGION1,LOTHLRBC1,2023,0
REGION1,LPEAHIBC1,2023,0
REGION1,LPEAHRBC1,2023,0
REGION1,LPEAIIBC1,2023,0
REGION1,LPEAIRBC1,2023,0
REGION1,LPEALRBC1,2023,0
REGION1,LPG,2023,0
REGION1,LPTWHIBC1,2023,0
REGION1,LPTWHRBC1,2023,0
REGION1,LPTWIIBC1,2023,0
REGION1,LPTWIRBC1,2023,0
REGION1,LPTWLRBC1,2023,0
REGION1,LRAPHIBC1,2023,0
REGION1,LRAPHRBC1,2023,0
REGION1,LRAPIIBC1,2023,0
REGION1,LRAPIRBC1,2023,0
REGION1,LRAPLRBC1,2023,0
REGION1,LRYEHIBC1,2023,0
REGION1,LRYEHRBC1,2023,0
REGION1,LRYEIIBC1,2023,0
REGION1,LRYEIRBC1,2023,0
REGION1,LRYELRBC1,2023,0
REGION1,LWATBC1,2023,0
REGION1,LWHEHIBC1,2023,0
REGION1,LWHEHRBC1,2023,0
REGION1,LWHEIIBC1,2023,0
REGION1,LWHEIRBC1,2023,0
REGION1,LWHELRBC1,2023,0
REGION1,NGS,2023,0
REGION1,PUBWATBC1,2023,0
REGION1,PWRBIO,2023,0
REGION1,PWRGEO,2023,0
REGION1,PWRHYD,2023,0
REGION1,PWRNGS,2023,0
REGION1,PWRSOL,2023,0
REGION1,PWRURN,2023,0
REGION1,PWRWATBC1,2023,0
REGION1,PWRWND,2023,0
REGION1,RESBIO,2023,0
REGION1,RESELCB02,2023,79.46
REGION1,RESKER,2023,0
REGION1,RESNGS,2023,0
REGION1,SOL,2023,0
REGION1,TRABIO,2023,0
REGION1,TRADSL,2023,0
REGION1,TRAELCB02,2023,2.64
REGION1,TRAGSL,2023,0
REGION1,TRAHFO,2023,0
REGION1,TRAJFL,2023,0
REGION1,TRALPG,2023,0
REGION1,TRANGS,2023,0
REGION1,URN,2023,0
REGION1,WND,2023,0
REGION1,WTREVTBC1,2023,0
REGION1,WTRGRCBC1,2023,0
REGION1,WTRPRCBC1,2023,0
REGION1,WTRSURBC1,2023,0
REGION1,AGRDSL,2024,0
REGION1,AGRELCB02,2024,0
REGION1,AGRNGS,2024,0
REGION1,AGRWATBC1,2024,0
REGION1,BIO,2024,0
REGION1,COA,2024,0
REGION1,COMBIO,2024,0
REGION1,COMELCB02,2024,60.96
REGION1,COMKER,2024,0
REGION1,COMNGS,2024,0
REGION1,CRPALF,2024,0
REGION1,CRPBRL,2024,0
REGION1,CRPMAI,2024,0
REGION1,CRPOAT,2024,0
REGION1,CRPOTH,2024,0
REGION1,CRPPEA,2024,0
REGION1,CRPPTW,2024,0
REGION1,CRPRAP,2024,0
REGION1,CRPRYE,2024,0
REGION1,CRPWHE,2024,0
REGION1,CRU,2024,0
REGION1,DSL,2024,0
REGION1,ELCB01,2024,0
REGION1,ELCB02,2024,0
REGION1,GEO,2024,0
REGION1,GSL,2024,0
REGION1,HFO,2024,0
REGION1,HYD,2024,0
REGION1,INDBIO,2024,0
REGION1,INDDSL,2024,0
REGION1,INDELCB02,2024,104.08
REGION1,INDNGS,2024,0
REGION1,JFL,2024,0
REGION1,KER,2024,0
REGION1,LALFHIBC1,2024,0
REGION1,LALFHRBC1,2024,0
REGION1,LALFIIBC1,2024,0
REGION1,LALFIRBC1,2024,0
REGION1,LALFLRBC1,2024,0
REGION1,LBARBC1,2024,0
REGION1,LBC1,2024,0
REGION1,LBLTBC1,2024,0
REGION1,LBRLHIBC1,2024,0
REGION1,LBRLHRBC1,2024,0
REGION1,LBRLIIBC1,2024,0
REGION1,LBRLIRBC1,2024,0
REGION1,LBRLLRBC1,2024,0
REGION1,LFORBC1,2024,0
REGION1,LGRSBC1,2024,0
REGION1,LMAIHIBC1,2024,0
REGION1,LMAIHRBC1,2024,0
REGION1,LMAIIIBC1,2024,0
REGION1,LMAIIRBC1,2024,0
REGION1,LMAILRBC1,2024,0
REGION1,LND4PWR,2024,0
REGION1,LOATHIBC1,2024,0
REGION1,LOATHRBC1,2024,0
REGION1,LOATIIBC1,2024,0
REGION1,LOATIRBC1,2024,0
REGION1,LOATLRBC1,2024,0
REGION1,LOTHBC1,2024,0
REGION1,LOTHHIBC1,2024,0
REGION1,LOTHHRBC1,2024,0
REGION1,LOTHIIBC1,2024,0
REGION1,LOTHIRBC1,2024,0
REGION1,LOTHLRBC1,2024,0
REGION1,LPEAHIBC1,2024,0
REGION1,LPEAHRBC1,2024,0
REGION1,LPEAIIBC1,2024,0
REGION1,LPEAIRBC1,2024,0
REGION1,LPEALRBC1,2024,0
REGION1,LPG,2024,0
REGION1,LPTWHIBC1,2024,0
REGION1,LPTWHRBC1,2024,0
REGION1,LPTWIIBC1,2024,0
REGION1,LPTWIRBC1,2024,0
REGION1,LPTWLRBC1,2024,0
REGION1,LRAPHIBC1,2024,0
REGION1,LRAPHRBC1,2024,0
REGION1,LRAPIIBC1,2024,0
REGION1,LRAPIRBC1,2024,0
REGION1,LRAPLRBC1,2024,0
REGION1,LRYEHIBC1,2024,0
REGION1,LRYEHRBC1,2024,0
REGION1,LRYEIIBC1,2024,0
REGION1,LRYEIRBC1,2024,0
REGION1,LRYELRBC1,2024,0
REGION1,LWATBC1,2024,0
REGION1,LWHEHIBC1,2024,0
REGION1,LWHEHRBC1,2024,0
REGION1,LWHEIIBC1,2024,0
REGION1,LWHEIRBC1,2024,0
REGION1,LWHELRBC1,2024,0
REGION1,NGS,2024,0
REGION1,PUBWATBC1,2024,0
REGION1,PWRBIO,2024,0
REGION1,PWRGEO,2024,0
REGION1,PWRHYD,2024,0
REGION1,PWRNGS,2024,0
REGION1,PWRSOL,2024,0
REGION1,PWRURN,2024,0
REGION1,PWRWATBC1,2024,0
REGION1,PWRWND,2024,0
REGION1,RESBIO,2024,0
REGION1,RESELCB02,2024,81.07
REGION1,RESKER,2024,0
REGION1,RESNGS,2024,0
REGION1,SOL,2024,0
REGION1,TRABIO,2024,0
REGION1,TRADSL,2024,0
REGION1,TRAELCB02,2024,3.26
REGION1,TRAGSL,2024,0
REGION1,TRAHFO,2024,0
REGION1,TRAJFL,2024,0
REGION1,TRALPG,2024,0
REGION1,TRANGS,2024,0
REGION1,URN,2024,0
REGION1,WND,2024,0
REGION1,WTREVTBC1,2024,0
REGION1,WTRGRCBC1,2024,0
REGION1,WTRPRCBC1,2024,0
REGION1,WTRSURBC1,2024,0
REGION1,AGRDSL,2025,0
REGION1,AGRELCB02,2025,0
REGION1,AGRNGS,2025,0
REGION1,AGRWATBC1,2025,0
REGION1,BIO,2025,0
REGION1,COA,2025,0
REGION1,COMBIO,2025,0
REGION1,COMELCB02,2025,61.69
REGION1,COMKER,2025,0
REGION1,COMNGS,2025,0
REGION1,CRPALF,2025,0
REGION1,CRPBRL,2025,0
REGION1,CRPMAI,2025,0
REGION1,CRPOAT,2025,0
REGION1,CRPOTH,2025,0
REGION1,CRPPEA,2025,0
REGION1,CRPPTW,2025,0
REGION1,CRPRAP,2025,0
REGION1,CRPRYE,2025,0
REGION1,CRPWHE,2025,0
REGION1,CRU,2025,0
REGION1,DSL,2025,0
REGION1,ELCB01,2025,0
REGION1,ELCB02,2025,0
REGION1,GEO,2025,0
REGION1,GSL,2025,0
REGION1,HFO,2025,0
REGION1,HYD,2025,0
REGION1,INDBIO,2025,0
REGION1,INDDSL,2025,0
REGION1,INDELCB02,2025,106.19
REGION1,INDNGS,2025,0
REGION1,JFL,2025,0
REGION1,KER,2025,0
REGION1,LALFHIBC1,2025,0
REGION1,LALFHRBC1,2025,0
REGION1,LALFIIBC1,2025,0
REGION1,LALFIRBC1,2025,0
REGION1,LALFLRBC1,2025,0
REGION1,LBARBC1,2025,0
REGION1,LBC1,2025,0
REGION1,LBLTBC1,2025,0
REGION1,LBRLHIBC1,2025,0
REGION1,LBRLHRBC1,2025,0
REGION1,LBRLIIBC1,2025,0
REGION1,LBRLIRBC1,2025,0
REGION1,LBRLLRBC1,2025,0
REGION1,LFORBC1,2025,0
REGION1,LGRSBC1,2025,0
REGION1,LMAIHIBC1,2025,0
REGION1,LMAIHRBC1,2025,0
REGION1,LMAIIIBC1,2025,0
REGION1,LMAIIRBC1,2025,0
REGION1,LMAILRBC1,2025,0
REGION1,LND4PWR,2025,0
REGION1,LOATHIBC1,2025,0
REGION1,LOATHRBC1,2025,0
REGION1,LOATIIBC1,2025,0
REGION1,LOATIRBC1,2025,0
REGION1,LOATLRBC1,2025,0
REGION1,LOTHBC1,2025,0
REGION1,LOTHHIBC1,2025,0
REGION1,LOTHHRBC1,2025,0
REGION1,LOTHIIBC1,2025,0
REGION1,LOTHIRBC1,2025,0
REGION1,LOTHLRBC1,2025,0
REGION1,LPEAHIBC1,2025,0
REGION1,LPEAHRBC1,2025,0
REGION1,LPEAIIBC1,2025,0
REGION1,LPEAIRBC1,2025,0
REGION1,LPEALRBC1,2025,0
REGION1,LPG,2025,0
REGION1,LPTWHIBC1,2025,0
REGION1,LPTWHRBC1,2025,0
REGION1,LPTWIIBC1,2025,0
REGION1,LPTWIRBC1,2025,0
REGION1,LPTWLRBC1,2025,0
REGION1,LRAPHIBC1,2025,0
REGION1,LRAPHRBC1,2025,0
REGION1,LRAPIIBC1,2025,0
REGION1,LRAPIRBC1,2025,0
REGION1,LRAPLRBC1,2025,0
REGION1,LRYEHIBC1,2025,0
REGION1,LRYEHRBC1,2025,0
REGION1,LRYEIIBC1,2025,0
REGION1,LRYEIRBC1,2025,0
REGION1,LRYELRBC1,2025,0
REGION1,LWATBC1,2025,0
REGION1,LWHEHIBC1,2025,0
REGION1,LWHEHRBC1,2025,0
REGION1,LWHEIIBC1,2025,0
REGION1,LWHEIRBC1,2025,0
REGION1,LWHELRBC1,2025,0
REGION1,NGS,2025,0
REGION1,PUBWATBC1,2025,0
REGION1,PWRBIO,2025,0
REGION1,PWRGEO,2025,0
REGION1,PWRHYD,2025,0
REGION1,PWRNGS,2025,0
REGION1,PWRSOL,2025,0
REGION1,PWRURN,2025,0
REGION1,PWRWATBC1,2025,0
REGION1,PWRWND,2025,0
REGION1,RESBIO,2025,0
REGION1,RESELCB02,2025,82.68
REGION1,RESKER,2025,0
REGION1,RESNGS,2025,0
REGION1,SOL,2025,0
REGION1,TRABIO,2025,0
REGION1,TRADSL,2025,0
REGION1,TRAELCB02,2025,4.06
REGION1,TRAGSL,2025,0
REGION1,TRAHFO,2025,0
REGION1,TRAJFL,2025,0
REGION1,TRALPG,2025,0
REGION1,TRANGS,2025,0
REGION1,URN,2025,0
REGION1,WND,2025,0
REGION1,WTREVTBC1,2025,0
REGION1,WTRGRCBC1,2025,0
REGION1,WTRPRCBC1,2025,0
REGION1,WTRSURBC1,2025,0
REGION1,AGRDSL,2026,0
REGION1,AGRELCB02,2026,0
REGION1,AGRNGS,2026,0
REGION1,AGRWATBC1,2026,0
REGION1,BIO,2026,0
REGION1,COA,2026,0
REGION1,COMBIO,2026,0
REGION1,COMELCB02,2026,62.53
REGION1,COMKER,2026,0
REGION1,COMNGS,2026,0
REGION1,CRPALF,2026,0
REGION1,CRPBRL,2026,0
REGION1,CRPMAI,2026,0
REGION1,CRPOAT,2026,0
REGION1,CRPOTH,2026,0
REGION1,CRPPEA,2026,0
REGION1,CRPPTW,2026,0
REGION1,CRPRAP,2026,0
REGION1,CRPRYE,2026,0
REGION1,CRPWHE,2026,0
REGION1,CRU,2026,0
REGION1,DSL,2026,0
REGION1,ELCB01,2026,0
REGION1,ELCB02,2026,0
REGION1,GEO,2026,0
REGION1,GSL,2026,0
REGION1,HFO,2026,0
REGION1,HYD,2026,0
REGION1,INDBIO,2026,0
REGION1,INDDSL,2026,0
REGION1,INDELCB02,2026,109.61
REGION1,INDNGS,2026,0
REGION1,JFL,2026,0
REGION1,KER,2026,0
REGION1,LALFHIBC1,2026,0
REGION1,LALFHRBC1,2026,0
REGION1,LALFIIBC1,2026,0
REGION1,LALFIRBC1,2026,0
REGION1,LALFLRBC1,2026,0
REGION1,LBARBC1,2026,0
REGION1,LBC1,2026,0
REGION1,LBLTBC1,2026,0
REGION1,LBRLHIBC1,2026,0
REGION1,LBRLHRBC1,2026,0
REGION1,LBRLIIBC1,2026,0
REGION1,LBRLIRBC1,2026,0
REGION1,LBRLLRBC1,2026,0
REGION1,LFORBC1,2026,0
REGION1,LGRSBC1,2026,0
REGION1,LMAIHIBC1,2026,0
REGION1,LMAIHRBC1,2026,0
REGION1,LMAIIIBC1,2026,0
REGION1,LMAIIRBC1,2026,0
REGION1,LMAILRBC1,2026,0
REGION1,LND4PWR,2026,0
REGION1,LOATHIBC1,2026,0
REGION1,LOATHRBC1,2026,0
REGION1,LOATIIBC1,2026,0
REGION1,LOATIRBC1,2026,0
REGION1,LOATLRBC1,2026,0
REGION1,LOTHBC1,2026,0
REGION1,LOTHHIBC1,2026,0
REGION1,LOTHHRBC1,2026,0
REGION1,LOTHIIBC1,2026,0
REGION1,LOTHIRBC1,2026,0
REGION1,LOTHLRBC1,2026,0
REGION1,LPEAHIBC1,2026,0
REGION1,LPEAHRBC1,2026,0
REGION1,LPEAIIBC1,2026,0
REGION1,LPEAIRBC1,2026,0
REGION1,LPEALRBC1,2026,0
REGION1,LPG,2026,0
REGION1,LPTWHIBC1,2026,0
REGION1,LPTWHRBC1,2026,0
REGION1,LPTWIIBC1,2026,0
REGION1,LPTWIRBC1,2026,0
REGION1,LPTWLRBC1,2026,0
REGION1,LRAPHIBC1,2026,0
REGION1,LRAPHRBC1,2026,0
REGION1,LRAPIIBC1,2026,0
REGION1,LRAPIRBC1,2026,0
REGION1,LRAPLRBC1,2026,0
REGION1,LRYEHIBC1,2026,0
REGION1,LRYEHRBC1,2026,0
REGION1,LRYEIIBC1,2026,0
REGION1,LRYEIRBC1,2026,0
REGION1,LRYELRBC1,2026,0
REGION1,LWATBC1,2026,0
REGION1,LWHEHIBC1,2026,0
REGION1,LWHEHRBC1,2026,0
REGION1,LWHEIIBC1,2026,0
REGION1,LWHEIRBC1,2026,0
REGION1,LWHELRBC1,2026,0
REGION1,NGS,2026,0
REGION1,PUBWATBC1,2026,0
REGION1,PWRBIO,2026,0
REGION1,PWRGEO,2026,0
REGION1,PWRHYD,2026,0
REGION1,PWRNGS,2026,0
REGION1,PWRSOL,2026,0
REGION1,PWRURN,2026,0
REGION1,PWRWATBC1,2026,0
REGION1,PWRWND,2026,0
REGION1,RESBIO,2026,0
REGION1,RESELCB02,2026,84.2
REGION1,RESKER,2026,0
REGION1,RESNGS,2026,0
REGION1,SOL,2026,0
REGION1,TRABIO,2026,0
REGION1,TRADSL,2026,0
REGION1,TRAELCB02,2026,4.87
REGION1,TRAGSL,2026,0
REGION1,TRAHFO,2026,0
REGION1,TRAJFL,2026,0
REGION1,TRALPG,2026,0
REGION1,TRANGS,2026,0
REGION1,URN,2026,0
REGION1,WND,2026,0
REGION1,WTREVTBC1,2026,0
REGION1,WTRGRCBC1,2026,0
REGION1,WTRPRCBC1,2026,0
REGION1,WTRSURBC1,2026,0
REGION1,AGRDSL,2027,0
REGION1,AGRELCB02,2027,0
REGION1,AGRNGS,2027,0
REGION1,AGRWATBC1,2027,0
REGION1,BIO,2027,0
REGION1,COA,2027,0
REGION1,COMBIO,2027,0
REGION1,COMELCB02,2027,63.4
REGION1,COMKER,2027,0
REGION1,COMNGS,2027,0
REGION1,CRPALF,2027,0
REGION1,CRPBRL,2027,0
REGION1,CRPMAI,2027,0
REGION1,CRPOAT,2027,0
REGION1,CRPOTH,2027,0
REGION1,CRPPEA,2027,0
REGION1,CRPPTW,2027,0
REGION1,CRPRAP,2027,0
REGION1,CRPRYE,2027,0
REGION1,CRPWHE,2027,0
REGION1,CRU,2027,0
REGION1,DSL,2027,0
REGION1,ELCB01,2027,0
REGION1,ELCB02,2027,0
REGION1,GEO,2027,0
REGION1,GSL,2027,0
REGION1,HFO,2027,0
REGION1,HYD,2027,0
REGION1,INDBIO,2027,0
REGION1,INDDSL,2027,0
REGION1,INDELCB02,2027,109.57
REGION1,INDNGS,2027,0
REGION1,JFL,2027,0
REGION1,KER,2027,0
REGION1,LALFHIBC1,2027,0
REGION1,LALFHRBC1,2027,0
REGION1,LALFIIBC1,2027,0
REGION1,LALFIRBC1,2027,0
REGION1,LALFLRBC1,2027,0
REGION1,LBARBC1,2027,0
REGION1,LBC1,2027,0
REGION1,LBLTBC1,2027,0
REGION1,LBRLHIBC1,2027,0
REGION1,LBRLHRBC1,2027,0
REGION1,LBRLIIBC1,2027,0
REGION1,LBRLIRBC1,2027,0
REGION1,LBRLLRBC1,2027,0
REGION1,LFORBC1,2027,0
REGION1,LGRSBC1,2027,0
REGION1,LMAIHIBC1,2027,0
REGION1,LMAIHRBC1,2027,0
REGION1,LMAIIIBC1,2027,0
REGION1,LMAIIRBC1,2027,0
REGION1,LMAILRBC1,2027,0
REGION1,LND4PWR,2027,0
REGION1,LOATHIBC1,2027,0
REGION1,LOATHRBC1,2027,0
REGION1,LOATIIBC1,2027,0
REGION1,LOATIRBC1,2027,0
REGION1,LOATLRBC1,2027,0
REGION1,LOTHBC1,2027,0
REGION1,LOTHHIBC1,2027,0
REGION1,LOTHHRBC1,2027,0
REGION1,LOTHIIBC1,2027,0
REGION1,LOTHIRBC1,2027,0
REGION1,LOTHLRBC1,2027,0
REGION1,LPEAHIBC1,2027,0
REGION1,LPEAHRBC1,2027,0
REGION1,LPEAIIBC1,2027,0
REGION1,LPEAIRBC1,2027,0
REGION1,LPEALRBC1,2027,0
REGION1,LPG,2027,0
REGION1,LPTWHIBC1,2027,0
REGION1,LPTWHRBC1,2027,0
REGION1,LPTWIIBC1,2027,0
REGION1,LPTWIRBC1,2027,0
REGION1,LPTWLRBC1,2027,0
REGION1,LRAPHIBC1,2027,0
REGION1,LRAPHRBC1,2027,0
REGION1,LRAPIIBC1,2027,0
REGION1,LRAPIRBC1,2027,0
REGION1,LRAPLRBC1,2027,0
REGION1,LRYEHIBC1,2027,0
REGION1,LRYEHRBC1,2027,0
REGION1,LRYEIIBC1,2027,0
REGION1,LRYEIRBC1,2027,0
REGION1,LRYELRBC1,2027,0
REGION1,LWATBC1,2027,0
REGION1,LWHEHIBC1,2027,0
REGION1,LWHEHRBC1,2027,0
REGION1,LWHEIIBC1,2027,0
REGION1,LWHEIRBC1,2027,0
REGION1,LWHELRBC1,2027,0
REGION1,NGS,2027,0
REGION1,PUBWATBC1,2027,0
REGION1,PWRBIO,2027,0
REGION1,PWRGEO,2027,0
REGION1,PWRHYD,2027,0
REGION1,PWRNGS,2027,0
REGION1,PWRSOL,2027,0
REGION1,PWRURN,2027,0
REGION1,PWRWATBC1,2027,0
REGION1,PWRWND,2027,0
REGION1,RESBIO,2027,0
REGION1,RESELCB02,2027,85.56
REGION1,RESKER,2027,0
REGION1,RESNGS,2027,0
REGION1,SOL,2027,0
REGION1,TRABIO,2027,0
REGION1,TRADSL,2027,0
REGION1,TRAELCB02,2027,5.73
REGION1,TRAGSL,2027,0
REGION1,TRAHFO,2027,0
REGION1,TRAJFL,2027,0
REGION1,TRALPG,2027,0
REGION1,TRANGS,2027,0
REGION1,URN,2027,0
REGION1,WND,2027,0
REGION1,WTREVTBC1,2027,0
REGION1,WTRGRCBC1,2027,0
REGION1,WTRPRCBC1,2027,0
REGION1,WTRSURBC1,2027,0
REGION1,AGRDSL,2028,0
REGION1,AGRELCB02,2028,0
REGION1,AGRNGS,2028,0
REGION1,AGRWATBC1,2028,0
REGION1,BIO,2028,0
REGION1,COA,2028,0
REGION1,COMBIO,2028,0
REGION1,COMELCB02,2028,64.11
REGION1,COMKER,2028,0
REGION1,COMNGS,2028,0
REGION1,CRPALF,2028,0
REGION1,CRPBRL,2028,0
REGION1,CRPMAI,2028,0
REGION1,CRPOAT,2028,0
REGION1,CRPOTH,2028,0
REGION1,CRPPEA,2028,0
REGION1,CRPPTW,2028,0
REGION1,CRPRAP,2028,0
REGION1,CRPRYE,2028,0
REGION1,CRPWHE,2028,0
REGION1,CRU,2028,0
REGION1,DSL,2028,0
REGION1,ELCB01,2028,0
REGION1,ELCB02,2028,0
REGION1,GEO,2028,0
REGION1,GSL,2028,0
REGION1,HFO,2028,0
REGION1,HYD,2028,0
REGION1,INDBIO,2028,0
REGION1,INDDSL,2028,0
REGION1,INDELCB02,2028,109.11
REGION1,INDNGS,2028,0
REGION1,JFL,2028,0
REGION1,KER,2028,0
REGION1,LALFHIBC1,2028,0
REGION1,LALFHRBC1,2028,0
REGION1,LALFIIBC1,2028,0
REGION1,LALFIRBC1,2028,0
REGION1,LALFLRBC1,2028,0
REGION1,LBARBC1,2028,0
REGION1,LBC1,2028,0
REGION1,LBLTBC1,2028,0
REGION1,LBRLHIBC1,2028,0
REGION1,LBRLHRBC1,2028,0
REGION1,LBRLIIBC1,2028,0
REGION1,LBRLIRBC1,2028,0
REGION1,LBRLLRBC1,2028,0
REGION1,LFORBC1,2028,0
REGION1,LGRSBC1,2028,0
REGION1,LMAIHIBC1,2028,0
REGION1,LMAIHRBC1,2028,0
REGION1,LMAIIIBC1,2028,0
REGION1,LMAIIRBC1,2028,0
REGION1,LMAILRBC1,2028,0
REGION1,LND4PWR,2028,0
REGION1,LOATHIBC1,2028,0
REGION1,LOATHRBC1,2028,0
REGION1,LOATIIBC1,2028,0
REGION1,LOATIRBC1,2028,0
REGION1,LOATLRBC1,2028,0
REGION1,LOTHBC1,2028,0
REGION1,LOTHHIBC1,2028,0
REGION1,LOTHHRBC1,2028,0
REGION1,LOTHIIBC1,2028,0
REGION1,LOTHIRBC1,2028,0
REGION1,LOTHLRBC1,2028,0
REGION1,LPEAHIBC1,2028,0
REGION1,LPEAHRBC1,2028,0
REGION1,LPEAIIBC1,2028,0
REGION1,LPEAIRBC1,2028,0
REGION1,LPEALRBC1,2028,0
REGION1,LPG,2028,0
REGION1,LPTWHIBC1,2028,0
REGION1,LPTWHRBC1,2028,0
REGION1,LPTWIIBC1,2028,0
REGION1,LPTWIRBC1,2028,0
REGION1,LPTWLRBC1,2028,0
REGION1,LRAPHIBC1,2028,0
REGION1,LRAPHRBC1,2028,0
REGION1,LRAPIIBC1,2028,0
REGION1,LRAPIRBC1,2028,0
REGION1,LRAPLRBC1,2028,0
REGION1,LRYEHIBC1,2028,0
REGION1,LRYEHRBC1,2028,0
REGION1,LRYEIIBC1,2028,0
REGION1,LRYEIRBC1,2028,0
REGION1,LRYELRBC1,2028,0
REGION1,LWATBC1,2028,0
REGION1,LWHEHIBC1,2028,0
REGION1,LWHEHRBC1,2028,0
REGION1,LWHEIIBC1,2028,0
REGION1,LWHEIRBC1,2028,0
REGION1,LWHELRBC1,2028,0
REGION1,NGS,2028,0
REGION1,PUBWATBC1,2028,0
REGION1,PWRBIO,2028,0
REGION1,PWRGEO,2028,0
REGION1,PWRHYD,2028,0
REGION1,PWRNGS,2028,0
REGION1,PWRSOL,2028,0
REGION1,PWRURN,2028,0
REGION1,PWRWATBC1,2028,0
REGION1,PWRWND,2028,0
REGION1,RESBIO,2028,0
REGION1,RESELCB02,2028,86.57
REGION1,RESKER,2028,0
REGION1,RESNGS,2028,0
REGION1,SOL,2028,0
REGION1,TRABIO,2028,0
REGION1,TRADSL,2028,0
REGION1,TRAELCB02,2028,6.61
REGION1,TRAGSL,2028,0
REGION1,TRAHFO,2028,0
REGION1,TRAJFL,2028,0
REGION1,TRALPG,2028,0
REGION1,TRANGS,2028,0
REGION1,URN,2028,0
REGION1,WND,2028,0
REGION1,WTREVTBC1,2028,0
REGION1,WTRGRCBC1,2028,0
REGION1,WTRPRCBC1,2028,0
REGION1,WTRSURBC1,2028,0
REGION1,AGRDSL,2029,0
REGION1,AGRELCB02,2029,0
REGION1,AGRNGS,2029,0
REGION1,AGRWATBC1,2029,0
REGION1,BIO,2029,0
REGION1,COA,2029,0
REGION1,COMBIO,2029,0
REGION1,COMELCB02,2029,64.88
REGION1,COMKER,2029,0
REGION1,COMNGS,2029,0
REGION1,CRPALF,2029,0
REGION1,CRPBRL,2029,0
REGION1,CRPMAI,2029,0
REGION1,CRPOAT,2029,0
REGION1,CRPOTH,2029,0
REGION1,CRPPEA,2029,0
REGION1,CRPPTW,2029,0
REGION1,CRPRAP,2029,0
REGION1,CRPRYE,2029,0
REGION1,CRPWHE,2029,0
REGION1,CRU,2029,0
REGION1,DSL,2029,0
REGION1,ELCB01,2029,0
REGION1,ELCB02,2029,0
REGION1,GEO,2029,0
REGION1,GSL,2029,0
REGION1,HFO,2029,0
REGION1,HYD,2029,0
REGION1,INDBIO,2029,0
REGION1,INDDSL,2029,0
REGION1,INDELCB02,2029,108.5
REGION1,INDNGS,2029,0
REGION1,JFL,2029,0
REGION1,KER,2029,0
REGION1,LALFHIBC1,2029,0
REGION1,LALFHRBC1,2029,0
REGION1,LALFIIBC1,2029,0
REGION1,LALFIRBC1,2029,0
REGION1,LALFLRBC1,2029,0
REGION1,LBARBC1,2029,0
REGION1,LBC1,2029,0
REGION1,LBLTBC1,2029,0
REGION1,LBRLHIBC1,2029,0
REGION1,LBRLHRBC1,2029,0
REGION1,LBRLIIBC1,2029,0
REGION1,LBRLIRBC1,2029,0
REGION1,LBRLLRBC1,2029,0
REGION1,LFORBC1,2029,0
REGION1,LGRSBC1,2029,0
REGION1,LMAIHIBC1,2029,0
REGION1,LMAIHRBC1,2029,0
REGION1,LMAIIIBC1,2029,0
REGION1,LMAIIRBC1,2029,0
REGION1,LMAILRBC1,2029,0
REGION1,LND4PWR,2029,0
REGION1,LOATHIBC1,2029,0
REGION1,LOATHRBC1,2029,0
REGION1,LOATIIBC1,2029,0
REGION1,LOATIRBC1,2029,0
REGION1,LOATLRBC1,2029,0
REGION1,LOTHBC1,2029,0
REGION1,LOTHHIBC1,2029,0
REGION1,LOTHHRBC1,2029,0
REGION1,LOTHIIBC1,2029,0
REGION1,LOTHIRBC1,2029,0
REGION1,LOTHLRBC1,2029,0
REGION1,LPEAHIBC1,2029,0
REGION1,LPEAHRBC1,2029,0
REGION1,LPEAIIBC1,2029,0
REGION1,LPEAIRBC1,2029,0
REGION1,LPEALRBC1,2029,0
REGION1,LPG,2029,0
REGION1,LPTWHIBC1,2029,0
REGION1,LPTWHRBC1,2029,0
REGION1,LPTWIIBC1,2029,0
REGION1,LPTWIRBC1,2029,0
REGION1,LPTWLRBC1,2029,0
REGION1,LRAPHIBC1,2029,0
REGION1,LRAPHRBC1,2029,0
REGION1,LRAPIIBC1,2029,0
REGION1,LRAPIRBC1,2029,0
REGION1,LRAPLRBC1,2029,0
REGION1,LRYEHIBC1,2029,0
REGION1,LRYEHRBC1,2029,0
REGION1,LRYEIIBC1,2029,0
REGION1,LRYEIRBC1,2029,0
REGION1,LRYELRBC1,2029,0
REGION1,LWATBC1,2029,0
REGION1,LWHEHIBC1,2029,0
REGION1,LWHEHRBC1,2029,0
REGION1,LWHEIIBC1,2029,0
REGION1,LWHEIRBC1,2029,0
REGION1,LWHELRBC1,2029,0
REGION1,NGS,2029,0
REGION1,PUBWATBC1,2029,0
REGION1,PWRBIO,2029,0
REGION1,PWRGEO,2029,0
REGION1,PWRHYD,2029,0
REGION1,PWRNGS,2029,0
REGION1,PWRSOL,2029,0
REGION1,PWRURN,2029,0
REGION1,PWRWATBC1,2029,0
REGION1,PWRWND,2029,0
REGION1,RESBIO,2029,0
REGION1,RESELCB02,2029,87.5
REGION1,RESKER,2029,0
REGION1,RESNGS,2029,0
REGION1,SOL,2029,0
REGION1,TRABIO,2029,0
REGION1,TRADSL,2029,0
REGION1,TRAELCB02,2029,7.59
REGION1,TRAGSL,2029,0
REGION1,TRAHFO,2029,0
REGION1,TRAJFL,2029,0
REGION1,TRALPG,2029,0
REGION1,TRANGS,2029,0
REGION1,URN,2029,0
REGION1,WND,2029,0
REGION1,WTREVTBC1,2029,0
REGION1,WTRGRCBC1,2029,0
REGION1,WTRPRCBC1,2029,0
REGION1,WTRSURBC1,2029,0
REGION1,AGRDSL,2030,0
REGION1,AGRELCB02,2030,0
REGION1,AGRNGS,2030,0
REGION1,AGRWATBC1,2030,0
REGION1,BIO,2030,0
REGION1,COA,2030,0
REGION1,COMBIO,2030,0
REGION1,COMELCB02,2030,65.62
REGION1,COMKER,2030,0
REGION1,COMNGS,2030,0
REGION1,CRPALF,2030,0
REGION1,CRPBRL,2030,0
REGION1,CRPMAI,2030,0
REGION1,CRPOAT,2030,0
REGION1,CRPOTH,2030,0
REGION1,CRPPEA,2030,0
REGION1,CRPPTW,2030,0
REGION1,CRPRAP,2030,0
REGION1,CRPRYE,2030,0
REGION1,CRPWHE,2030,0
REGION1,CRU,2030,0
REGION1,DSL,2030,0
REGION1,ELCB01,2030,0
REGION1,ELCB02,2030,0
REGION1,GEO,2030,0
REGION1,GSL,2030,0
REGION1,HFO,2030,0
REGION1,HYD,2030,0
REGION1,INDBIO,2030,0
REGION1,INDDSL,2030,0
REGION1,INDELCB02,2030,109.62
REGION1,INDNGS,2030,0
REGION1,JFL,2030,0
REGION1,KER,2030,0
REGION1,LALFHIBC1,2030,0
REGION1,LALFHRBC1,2030,0
REGION1,LALFIIBC1,2030,0
REGION1,LALFIRBC1,2030,0
REGION1,LALFLRBC1,2030,0
REGION1,LBARBC1,2030,0
REGION1,LBC1,2030,0
REGION1,LBLTBC1,2030,0
REGION1,LBRLHIBC1,2030,0
REGION1,LBRLHRBC1,2030,0
REGION1,LBRLIIBC1,2030,0
REGION1,LBRLIRBC1,2030,0
REGION1,LBRLLRBC1,2030,0
REGION1,LFORBC1,2030,0
REGION1,LGRSBC1,2030,0
REGION1,LMAIHIBC1,2030,0
REGION1,LMAIHRBC1,2030,0
REGION1,LMAIIIBC1,2030,0
REGION1,LMAIIRBC1,2030,0
REGION1,LMAILRBC1,2030,0
REGION1,LND4PWR,2030,0
REGION1,LOATHIBC1,2030,0
REGION1,LOATHRBC1,2030,0
REGION1,LOATIIBC1,2030,0
REGION1,LOATIRBC1,2030,0
REGION1,LOATLRBC1,2030,0
REGION1,LOTHBC1,2030,0
REGION1,LOTHHIBC1,2030,0
REGION1,LOTHHRBC1,2030,0
REGION1,LOTHIIBC1,2030,0
REGION1,LOTHIRBC1,2030,0
REGION1,LOTHLRBC1,2030,0
REGION1,LPEAHIBC1,2030,0
REGION1,LPEAHRBC1,2030,0
REGION1,LPEAIIBC1,2030,0
REGION1,LPEAIRBC1,2030,0
REGION1,LPEALRBC1,2030,0
REGION1,LPG,2030,0
REGION1,LPTWHIBC1,2030,0
REGION1,LPTWHRBC1,2030,0
REGION1,LPTWIIBC1,2030,0
REGION1,LPTWIRBC1,2030,0
REGION1,LPTWLRBC1,2030,0
REGION1,LRAPHIBC1,2030,0
REGION1,LRAPHRBC1,2030,0
REGION1,LRAPIIBC1,2030,0
REGION1,LRAPIRBC1,2030,0
REGION1,LRAPLRBC1,2030,0
REGION1,LRYEHIBC1,2030,0
REGION1,LRYEHRBC1,2030,0
REGION1,LRYEIIBC1,2030,0
REGION1,LRYEIRBC1,2030,0
REGION1,LRYELRBC1,2030,0
REGION1,LWATBC1,2030,0
REGION1,LWHEHIBC1,2030,0
REGION1,LWHEHRBC1,2030,0
REGION1,LWHEIIBC1,2030,0
REGION1,LWHEIRBC1,2030,0
REGION1,LWHELRBC1,2030,0
REGION1,NGS,2030,0
REGION1,PUBWATBC1,2030,0
REGION1,PWRBIO,2030,0
REGION1,PWRGEO,2030,0
REGION1,PWRHYD,2030,0
REGION1,PWRNGS,2030,0
REGION1,PWRSOL,2030,0
REGION1,PWRURN,2030,0
REGION1,PWRWATBC1,2030,0
REGION1,PWRWND,2030,0
REGION1,RESBIO,2030,0
REGION1,RESELCB02,2030,88.43
REGION1,RESKER,2030,0
REGION1,RESNGS,2030,0
REGION1,SOL,2030,0
REGION1,TRABIO,2030,0
REGION1,TRADSL,2030,0
REGION1,TRAELCB02,2030,8.69
REGION1,TRAGSL,2030,0
REGION1,TRAHFO,2030,0
REGION1,TRAJFL,2030,0
REGION1,TRALPG,2030,0
REGION1,TRANGS,2030,0
REGION1,URN,2030,0
REGION1,WND,2030,0
REGION1,WTREVTBC1,2030,0
REGION1,WTRGRCBC1,2030,0
REGION1,WTRPRCBC1,2030,0
REGION1,WTRSURBC1,2030,0
REGION1,AGRDSL,2031,0
REGION1,AGRELCB02,2031,0
REGION1,AGRNGS,2031,0
REGION1,AGRWATBC1,2031,0
REGION1,BIO,2031,0
REGION1,COA,2031,0
REGION1,COMBIO,2031,0
REGION1,COMELCB02,2031,66.18
REGION1,COMKER,2031,0
REGION1,COMNGS,2031,0
REGION1,CRPALF,2031,0
REGION1,CRPBRL,2031,0
REGION1,CRPMAI,2031,0
REGION1,CRPOAT,2031,0
REGION1,CRPOTH,2031,0
REGION1,CRPPEA,2031,0
REGION1,CRPPTW,2031,0
REGION1,CRPRAP,2031,0
REGION1,CRPRYE,2031,0
REGION1,CRPWHE,2031,0
REGION1,CRU,2031,0
REGION1,DSL,2031,0
REGION1,ELCB01,2031,0
REGION1,ELCB02,2031,0
REGION1,GEO,2031,0
REGION1,GSL,2031,0
REGION1,HFO,2031,0
REGION1,HYD,2031,0
REGION1,INDBIO,2031,0
REGION1,INDDSL,2031,0
REGION1,INDELCB02,2031,111.38
REGION1,INDNGS,2031,0
REGION1,JFL,2031,0
REGION1,KER,2031,0
REGION1,LALFHIBC1,2031,0
REGION1,LALFHRBC1,2031,0
REGION1,LALFIIBC1,2031,0
REGION1,LALFIRBC1,2031,0
REGION1,LALFLRBC1,2031,0
REGION1,LBARBC1,2031,0
REGION1,LBC1,2031,0
REGION1,LBLTBC1,2031,0
REGION1,LBRLHIBC1,2031,0
REGION1,LBRLHRBC1,2031,0
REGION1,LBRLIIBC1,2031,0
REGION1,LBRLIRBC1,2031,0
REGION1,LBRLLRBC1,2031,0
REGION1,LFORBC1,2031,0
REGION1,LGRSBC1,2031,0
REGION1,LMAIHIBC1,2031,0
REGION1,LMAIHRBC1,2031,0
REGION1,LMAIIIBC1,2031,0
REGION1,LMAIIRBC1,2031,0
REGION1,LMAILRBC1,2031,0
REGION1,LND4PWR,2031,0
REGION1,LOATHIBC1,2031,0
REGION1,LOATHRBC1,2031,0
REGION1,LOATIIBC1,2031,0
REGION1,LOATIRBC1,2031,0
REGION1,LOATLRBC1,2031,0
REGION1,LOTHBC1,2031,0
REGION1,LOTHHIBC1,2031,0
REGION1,LOTHHRBC1,2031,0
REGION1,LOTHIIBC1,2031,0
REGION1,LOTHIRBC1,2031,0
REGION1,LOTHLRBC1,2031,0
REGION1,LPEAHIBC1,2031,0
REGION1,LPEAHRBC1,2031,0
REGION1,LPEAIIBC1,2031,0
REGION1,LPEAIRBC1,2031,0
REGION1,LPEALRBC1,2031,0
REGION1,LPG,2031,0
REGION1,LPTWHIBC1,2031,0
REGION1,LPTWHRBC1,2031,0
REGION1,LPTWIIBC1,2031,0
REGION1,LPTWIRBC1,2031,0
REGION1,LPTWLRBC1,2031,0
REGION1,LRAPHIBC1,2031,0
REGION1,LRAPHRBC1,2031,0
REGION1,LRAPIIBC1,2031,0
REGION1,LRAPIRBC1,2031,0
REGION1,LRAPLRBC1,2031,0
REGION1,LRYEHIBC1,2031,0
REGION1,LRYEHRBC1,2031,0
REGION1,LRYEIIBC1,2031,0
REGION1,LRYEIRBC1,2031,0
REGION1,LRYELRBC1,2031,0
REGION1,LWATBC1,2031,0
REGION1,LWHEHIBC1,2031,0
REGION1,LWHEHRBC1,2031,0
REGION1,LWHEIIBC1,2031,0
REGION1,LWHEIRBC1,2031,0
REGION1,LWHELRBC1,2031,0
REGION1,NGS,2031,0
REGION1,PUBWATBC1,2031,0
REGION1,PWRBIO,2031,0
REGION1,PWRGEO,2031,0
REGION1,PWRHYD,2031,0
REGION1,PWRNGS,2031,0
REGION1,PWRSOL,2031,0
REGION1,PWRURN,2031,0
REGION1,PWRWATBC1,2031,0
REGION1,PWRWND,2031,0
REGION1,RESBIO,2031,0
REGION1,RESELCB02,2031,89.21
REGION1,RESKER,2031,0
REGION1,RESNGS,2031,0
REGION1,SOL,2031,0
REGION1,TRABIO,2031,0
REGION1,TRADSL,2031,0
REGION1,TRAELCB02,2031,9.9
REGION1,TRAGSL,2031,0
REGION1,TRAHFO,2031,0
REGION1,TRAJFL,2031,0
REGION1,TRALPG,2031,0
REGION1,TRANGS,2031,0
REGION1,URN,2031,0
REGION1,WND,2031,0
REGION1,WTREVTBC1,2031,0
REGION1,WTRGRCBC1,2031,0
REGION1,WTRPRCBC1,2031,0
REGION1,WTRSURBC1,2031,0
REGION1,AGRDSL,2032,0
REGION1,AGRELCB02,2032,0
REGION1,AGRNGS,2032,0
REGION1,AGRWATBC1,2032,0
REGION1,BIO,2032,0
REGION1,COA,2032,0
REGION1,COMBIO,2032,0
REGION1,COMELCB02,2032,66.73
REGION1,COMKER,2032,0
REGION1,COMNGS,2032,0
REGION1,CRPALF,2032,0
REGION1,CRPBRL,2032,0
REGION1,CRPMAI,2032,0
REGION1,CRPOAT,2032,0
REGION1,CRPOTH,2032,0
REGION1,CRPPEA,2032,0
REGION1,CRPPTW,2032,0
REGION1,CRPRAP,2032,0
REGION1,CRPRYE,2032,0
REGION1,CRPWHE,2032,0
REGION1,CRU,2032,0
REGION1,DSL,2032,0
REGION1,ELCB01,2032,0
REGION1,ELCB02,2032,0
REGION1,GEO,2032,0
REGION1,GSL,2032,0
REGION1,HFO,2032,0
REGION1,HYD,2032,0
REGION1,INDBIO,2032,0
REGION1,INDDSL,2032,0
REGION1,INDELCB02,2032,112.96
REGION1,INDNGS,2032,0
REGION1,JFL,2032,0
REGION1,KER,2032,0
REGION1,LALFHIBC1,2032,0
REGION1,LALFHRBC1,2032,0
REGION1,LALFIIBC1,2032,0
REGION1,LALFIRBC1,2032,0
REGION1,LALFLRBC1,2032,0
REGION1,LBARBC1,2032,0
REGION1,LBC1,2032,0
REGION1,LBLTBC1,2032,0
REGION1,LBRLHIBC1,2032,0
REGION1,LBRLHRBC1,2032,0
REGION1,LBRLIIBC1,2032,0
REGION1,LBRLIRBC1,2032,0
REGION1,LBRLLRBC1,2032,0
REGION1,LFORBC1,2032,0
REGION1,LGRSBC1,2032,0
REGION1,LMAIHIBC1,2032,0
REGION1,LMAIHRBC1,2032,0
REGION1,LMAIIIBC1,2032,0
REGION1,LMAIIRBC1,2032,0
REGION1,LMAILRBC1,2032,0
REGION1,LND4PWR,2032,0
REGION1,LOATHIBC1,2032,0
REGION1,LOATHRBC1,2032,0
REGION1,LOATIIBC1,2032,0
REGION1,LOATIRBC1,2032,0
REGION1,LOATLRBC1,2032,0
REGION1,LOTHBC1,2032,0
REGION1,LOTHHIBC1,2032,0
REGION1,LOTHHRBC1,2032,0
REGION1,LOTHIIBC1,2032,0
REGION1,LOTHIRBC1,2032,0
REGION1,LOTHLRBC1,2032,0
REGION1,LPEAHIBC1,2032,0
REGION1,LPEAHRBC1,2032,0
REGION1,LPEAIIBC1,2032,0
REGION1,LPEAIRBC1,2032,0
REGION1,LPEALRBC1,2032,0
REGION1,LPG,2032,0
REGION1,LPTWHIBC1,2032,0
REGION1,LPTWHRBC1,2032,0
REGION1,LPTWIIBC1,2032,0
REGION1,LPTWIRBC1,2032,0
REGION1,LPTWLRBC1,2032,0
REGION1,LRAPHIBC1,2032,0
REGION1,LRAPHRBC1,2032,0
REGION1,LRAPIIBC1,2032,0
REGION1,LRAPIRBC1,2032,0
REGION1,LRAPLRBC1,2032,0
REGION1,LRYEHIBC1,2032,0
REGION1,LRYEHRBC1,2032,0
REGION1,LRYEIIBC1,2032,0
REGION1,LRYEIRBC1,2032,0
REGION1,LRYELRBC1,2032,0
REGION1,LWATBC1,2032,0
REGION1,LWHEHIBC1,2032,0
REGION1,LWHEHRBC1,2032,0
REGION1,LWHEIIBC1,2032,0
REGION1,LWHEIRBC1,2032,0
REGION1,LWHELRBC1,2032,0
REGION1,NGS,2032,0
REGION1,PUBWATBC1,2032,0
REGION1,PWRBIO,2032,0
REGION1,PWRGEO,2032,0
REGION1,PWRHYD,2032,0
REGION1,PWRNGS,2032,0
REGION1,PWRSOL,2032,0
REGION1,PWRURN,2032,0
REGION1,PWRWATBC1,2032,0
REGION1,PWRWND,2032,0
REGION1,RESBIO,2032,0
REGION1,RESELCB02,2032,90
REGION1,RESKER,2032,0
REGION1,RESNGS,2032,0
REGION1,SOL,2032,0
REGION1,TRABIO,2032,0
REGION1,TRADSL,2032,0
REGION1,TRAELCB02,2032,11.25
REGION1,TRAGSL,2032,0
REGION1,TRAHFO,2032,0
REGION1,TRAJFL,2032,0
REGION1,TRALPG,2032,0
REGION1,TRANGS,2032,0
REGION1,URN,2032,0
REGION1,WND,2032,0
REGION1,WTREVTBC1,2032,0
REGION1,WTRGRCBC1,2032,0
REGION1,WTRPRCBC1,2032,0
REGION1,WTRSURBC1,2032,0
REGION1,AGRDSL,2033,0
REGION1,AGRELCB02,2033,0
REGION1,AGRNGS,2033,0
REGION1,AGRWATBC1,2033,0
REGION1,BIO,2033,0
REGION1,COA,2033,0
REGION1,COMBIO,2033,0
REGION1,COMELCB02,2033,67.41
REGION1,COMKER,2033,0
REGION1,COMNGS,2033,0
REGION1,CRPALF,2033,0
REGION1,CRPBRL,2033,0
REGION1,CRPMAI,2033,0
REGION1,CRPOAT,2033,0
REGION1,CRPOTH,2033,0
REGION1,CRPPEA,2033,0
REGION1,CRPPTW,2033,0
REGION1,CRPRAP,2033,0
REGION1,CRPRYE,2033,0
REGION1,CRPWHE,2033,0
REGION1,CRU,2033,0
REGION1,DSL,2033,0
REGION1,ELCB01,2033,0
REGION1,ELCB02,2033,0
REGION1,GEO,2033,0
REGION1,GSL,2033,0
REGION1,HFO,2033,0
REGION1,HYD,2033,0
REGION1,INDBIO,2033,0
REGION1,INDDSL,2033,0
REGION1,INDELCB02,2033,112.41
REGION1,INDNGS,2033,0
REGION1,JFL,2033,0
REGION1,KER,2033,0
REGION1,LALFHIBC1,2033,0
REGION1,LALFHRBC1,2033,0
REGION1,LALFIIBC1,2033,0
REGION1,LALFIRBC1,2033,0
REGION1,LALFLRBC1,2033,0
REGION1,LBARBC1,2033,0
REGION1,LBC1,2033,0
REGION1,LBLTBC1,2033,0
REGION1,LBRLHIBC1,2033,0
REGION1,LBRLHRBC1,2033,0
REGION1,LBRLIIBC1,2033,0
REGION1,LBRLIRBC1,2033,0
REGION1,LBRLLRBC1,2033,0
REGION1,LFORBC1,2033,0
REGION1,LGRSBC1,2033,0
REGION1,LMAIHIBC1,2033,0
REGION1,LMAIHRBC1,2033,0
REGION1,LMAIIIBC1,2033,0
REGION1,LMAIIRBC1,2033,0
REGION1,LMAILRBC1,2033,0
REGION1,LND4PWR,2033,0
REGION1,LOATHIBC1,2033,0
REGION1,LOATHRBC1,2033,0
REGION1,LOATIIBC1,2033,0
REGION1,LOATIRBC1,2033,0
REGION1,LOATLRBC1,2033,0
REGION1,LOTHBC1,2033,0
REGION1,LOTHHIBC1,2033,0
REGION1,LOTHHRBC1,2033,0
REGION1,LOTHIIBC1,2033,0
REGION1,LOTHIRBC1,2033,0
REGION1,LOTHLRBC1,2033,0
REGION1,LPEAHIBC1,2033,0
REGION1,LPEAHRBC1,2033,0
REGION1,LPEAIIBC1,2033,0
REGION1,LPEAIRBC1,2033,0
REGION1,LPEALRBC1,2033,0
REGION1,LPG,2033,0
REGION1,LPTWHIBC1,2033,0
REGION1,LPTWHRBC1,2033,0
REGION1,LPTWIIBC1,2033,0
REGION1,LPTWIRBC1,2033,0
REGION1,LPTWLRBC1,2033,0
REGION1,LRAPHIBC1,2033,0
REGION1,LRAPHRBC1,2033,0
REGION1,LRAPIIBC1,2033,0
REGION1,LRAPIRBC1,2033,0
REGION1,LRAPLRBC1,2033,0
REGION1,LRYEHIBC1,2033,0
REGION1,LRYEHRBC1,2033,0
REGION1,LRYEIIBC1,2033,0
REGION1,LRYEIRBC1,2033,0
REGION1,LRYELRBC1,2033,0
REGION1,LWATBC1,2033,0
REGION1,LWHEHIBC1,2033,0
REGION1,LWHEHRBC1,2033,0
REGION1,LWHEIIBC1,2033,0
REGION1,LWHEIRBC1,2033,0
REGION1,LWHELRBC1,2033,0
REGION1,NGS,2033,0
REGION1,PUBWATBC1,2033,0
REGION1,PWRBIO,2033,0
REGION1,PWRGEO,2033,0
REGION1,PWRHYD,2033,0
REGION1,PWRNGS,2033,0
REGION1,PWRSOL,2033,0
REGION1,PWRURN,2033,0
REGION1,PWRWATBC1,2033,0
REGION1,PWRWND,2033,0
REGION1,RESBIO,2033,0
REGION1,RESELCB02,2033,90.91
REGION1,RESKER,2033,0
REGION1,RESNGS,2033,0
REGION1,SOL,2033,0
REGION1,TRABIO,2033,0
REGION1,TRADSL,2033,0
REGION1,TRAELCB02,2033,12.81
REGION1,TRAGSL,2033,0
REGION1,TRAHFO,2033,0
REGION1,TRAJFL,2033,0
REGION1,TRALPG,2033,0
REGION1,TRANGS,2033,0
REGION1,URN,2033,0
REGION1,WND,2033,0
REGION1,WTREVTBC1,2033,0
REGION1,WTRGRCBC1,2033,0
REGION1,WTRPRCBC1,2033,0
REGION1,WTRSURBC1,2033,0
REGION1,AGRDSL,2034,0
REGION1,AGRELCB02,2034,0
REGION1,AGRNGS,2034,0
REGION1,AGRWATBC1,2034,0
REGION1,BIO,2034,0
REGION1,COA,2034,0
REGION1,COMBIO,2034,0
REGION1,COMELCB02,2034,67.85
REGION1,COMKER,2034,0
REGION1,COMNGS,2034,0
REGION1,CRPALF,2034,0
REGION1,CRPBRL,2034,0
REGION1,CRPMAI,2034,0
REGION1,CRPOAT,2034,0
REGION1,CRPOTH,2034,0
REGION1,CRPPEA,2034,0
REGION1,CRPPTW,2034,0
REGION1,CRPRAP,2034,0
REGION1,CRPRYE,2034,0
REGION1,CRPWHE,2034,0
REGION1,CRU,2034,0
REGION1,DSL,2034,0
REGION1,ELCB01,2034,0
REGION1,ELCB02,2034,0
REGION1,GEO,2034,0
REGION1,GSL,2034,0
REGION1,HFO,2034,0
REGION1,HYD,2034,0
REGION1,INDBIO,2034,0
REGION1,INDDSL,2034,0
REGION1,INDELCB02,2034,111.31
REGION1,INDNGS,2034,0
REGION1,JFL,2034,0
REGION1,KER,2034,0
REGION1,LALFHIBC1,2034,0
REGION1,LALFHRBC1,2034,0
REGION1,LALFIIBC1,2034,0
REGION1,LALFIRBC1,2034,0
REGION1,LALFLRBC1,2034,0
REGION1,LBARBC1,2034,0
REGION1,LBC1,2034,0
REGION1,LBLTBC1,2034,0
REGION1,LBRLHIBC1,2034,0
REGION1,LBRLHRBC1,2034,0
REGION1,LBRLIIBC1,2034,0
REGION1,LBRLIRBC1,2034,0
REGION1,LBRLLRBC1,2034,0
REGION1,LFORBC1,2034,0
REGION1,LGRSBC1,2034,0
REGION1,LMAIHIBC1,2034,0
REGION1,LMAIHRBC1,2034,0
REGION1,LMAIIIBC1,2034,0
REGION1,LMAIIRBC1,2034,0
REGION1,LMAILRBC1,2034,0
REGION1,LND4PWR,2034,0
REGION1,LOATHIBC1,2034,0
REGION1,LOATHRBC1,2034,0
REGION1,LOATIIBC1,2034,0
REGION1,LOATIRBC1,2034,0
REGION1,LOATLRBC1,2034,0
REGION1,LOTHBC1,2034,0
REGION1,LOTHHIBC1,2034,0
REGION1,LOTHHRBC1,2034,0
REGION1,LOTHIIBC1,2034,0
REGION1,LOTHIRBC1,2034,0
REGION1,LOTHLRBC1,2034,0
REGION1,LPEAHIBC1,2034,0
REGION1,LPEAHRBC1,2034,0
REGION1,LPEAIIBC1,2034,0
REGION1,LPEAIRBC1,2034,0
REGION1,LPEALRBC1,2034,0
REGION1,LPG,2034,0
REGION1,LPTWHIBC1,2034,0
REGION1,LPTWHRBC1,2034,0
REGION1,LPTWIIBC1,2034,0
REGION1,LPTWIRBC1,2034,0
REGION1,LPTWLRBC1,2034,0
REGION1,LRAPHIBC1,2034,0
REGION1,LRAPHRBC1,2034,0
REGION1,LRAPIIBC1,2034,0
REGION1,LRAPIRBC1,2034,0
REGION1,LRAPLRBC1,2034,0
REGION1,LRYEHIBC1,2034,0
REGION1,LRYEHRBC1,2034,0
REGION1,LRYEIIBC1,2034,0
REGION1,LRYEIRBC1,2034,0
REGION1,LRYELRBC1,2034,0
REGION1,LWATBC1,2034,0
REGION1,LWHEHIBC1,2034,0
REGION1,LWHEHRBC1,2034,0
REGION1,LWHEIIBC1,2034,0
REGION1,LWHEIRBC1,2034,0
REGION1,LWHELRBC1,2034,0
REGION1,NGS,2034,0
REGION1,PUBWATBC1,2034,0
REGION1,PWRBIO,2034,0
REGION1,PWRGEO,2034,0
REGION1,PWRHYD,2034,0
REGION1,PWRNGS,2034,0
REGION1,PWRSOL,2034,0
REGION1,PWRURN,2034,0
REGION1,PWRWATBC1,2034,0
REGION1,PWRWND,2034,0
REGION1,RESBIO,2034,0
REGION1,RESELCB02,2034,91.5
REGION1,RESKER,2034,0
REGION1,RESNGS,2034,0
REGION1,SOL,2034,0
REGION1,TRABIO,2034,0
REGION1,TRADSL,2034,0
REGION1,TRAELCB02,2034,14.36
REGION1,TRAGSL,2034,0
REGION1,TRAHFO,2034,0
REGION1,TRAJFL,2034,0
REGION1,TRALPG,2034,0
REGION1,TRANGS,2034,0
REGION1,URN,2034,0
REGION1,WND,2034,0
REGION1,WTREVTBC1,2034,0
REGION1,WTRGRCBC1,2034,0
REGION1,WTRPRCBC1,2034,0
REGION1,WTRSURBC1,2034,0
REGION1,AGRDSL,2035,0
REGION1,AGRELCB02,2035,0
REGION1,AGRNGS,2035,0
REGION1,AGRWATBC1,2035,0
REGION1,BIO,2035,0
REGION1,COA,2035,0
REGION1,COMBIO,2035,0
REGION1,COMELCB02,2035,68.27
REGION1,COMKER,2035,0
REGION1,COMNGS,2035,0
REGION1,CRPALF,2035,0
REGION1,CRPBRL,2035,0
REGION1,CRPMAI,2035,0
REGION1,CRPOAT,2035,0
REGION1,CRPOTH,2035,0
REGION1,CRPPEA,2035,0
REGION1,CRPPTW,2035,0
REGION1,CRPRAP,2035,0
REGION1,CRPRYE,2035,0
REGION1,CRPWHE,2035,0
REGION1,CRU,2035,0
REGION1,DSL,2035,0
REGION1,ELCB01,2035,0
REGION1,ELCB02,2035,0
REGION1,GEO,2035,0
REGION1,GSL,2035,0
REGION1,HFO,2035,0
REGION1,HYD,2035,0
REGION1,INDBIO,2035,0
REGION1,INDDSL,2035,0
REGION1,INDELCB02,2035,110.38
REGION1,INDNGS,2035,0
REGION1,JFL,2035,0
REGION1,KER,2035,0
REGION1,LALFHIBC1,2035,0
REGION1,LALFHRBC1,2035,0
REGION1,LALFIIBC1,2035,0
REGION1,LALFIRBC1,2035,0
REGION1,LALFLRBC1,2035,0
REGION1,LBARBC1,2035,0
REGION1,LBC1,2035,0
REGION1,LBLTBC1,2035,0
REGION1,LBRLHIBC1,2035,0
REGION1,LBRLHRBC1,2035,0
REGION1,LBRLIIBC1,2035,0
REGION1,LBRLIRBC1,2035,0
REGION1,LBRLLRBC1,2035,0
REGION1,LFORBC1,2035,0
REGION1,LGRSBC1,2035,0
REGION1,LMAIHIBC1,2035,0
REGION1,LMAIHRBC1,2035,0
REGION1,LMAIIIBC1,2035,0
REGION1,LMAIIRBC1,2035,0
REGION1,LMAILRBC1,2035,0
REGION1,LND4PWR,2035,0
REGION1,LOATHIBC1,2035,0
REGION1,LOATHRBC1,2035,0
REGION1,LOATIIBC1,2035,0
REGION1,LOATIRBC1,2035,0
REGION1,LOATLRBC1,2035,0
REGION1,LOTHBC1,2035,0
REGION1,LOTHHIBC1,2035,0
REGION1,LOTHHRBC1,2035,0
REGION1,LOTHIIBC1,2035,0
REGION1,LOTHIRBC1,2035,0
REGION1,LOTHLRBC1,2035,0
REGION1,LPEAHIBC1,2035,0
REGION1,LPEAHRBC1,2035,0
REGION1,LPEAIIBC1,2035,0
REGION1,LPEAIRBC1,2035,0
REGION1,LPEALRBC1,2035,0
REGION1,LPG,2035,0
REGION1,LPTWHIBC1,2035,0
REGION1,LPTWHRBC1,2035,0
REGION1,LPTWIIBC1,2035,0
REGION1,LPTWIRBC1,2035,0
REGION1,LPTWLRBC1,2035,0
REGION1,LRAPHIBC1,2035,0
REGION1,LRAPHRBC1,2035,0
REGION1,LRAPIIBC1,2035,0
REGION1,LRAPIRBC1,2035,0
REGION1,LRAPLRBC1,2035,0
REGION1,LRYEHIBC1,2035,0
REGION1,LRYEHRBC1,2035,0
REGION1,LRYEIIBC1,2035,0
REGION1,LRYEIRBC1,2035,0
REGION1,LRYELRBC1,2035,0
REGION1,LWATBC1,2035,0
REGION1,LWHEHIBC1,2035,0
REGION1,LWHEHRBC1,2035,0
REGION1,LWHEIIBC1,2035,0
REGION1,LWHEIRBC1,2035,0
REGION1,LWHELRBC1,2035,0
REGION1,NGS,2035,0
REGION1,PUBWATBC1,2035,0
REGION1,PWRBIO,2035,0
REGION1,PWRGEO,2035,0
REGION1,PWRHYD,2035,0
REGION1,PWRNGS,2035,0
REGION1,PWRSOL,2035,0
REGION1,PWRURN,2035,0
REGION1,PWRWATBC1,2035,0
REGION1,PWRWND,2035,0
REGION1,RESBIO,2035,0
REGION1,RESELCB02,2035,92.02
REGION1,RESKER,2035,0
REGION1,RESNGS,2035,0
REGION1,SOL,2035,0
REGION1,TRABIO,2035,0
REGION1,TRADSL,2035,0
REGION1,TRAELCB02,2035,16.04
REGION1,TRAGSL,2035,0
REGION1,TRAHFO,2035,0
REGION1,TRAJFL,2035,0
REGION1,TRALPG,2035,0
REGION1,TRANGS,2035,0
REGION1,URN,2035,0
REGION1,WND,2035,0
REGION1,WTREVTBC1,2035,0
REGION1,WTRGRCBC1,2035,0
REGION1,WTRPRCBC1,2035,0
REGION1,WTRSURBC1,2035,0
REGION1,AGRDSL,2036,0
REGION1,AGRELCB02,2036,0
REGION1,AGRNGS,2036,0
REGION1,AGRWATBC1,2036,0
REGION1,BIO,2036,0
REGION1,COA,2036,0
REGION1,COMBIO,2036,0
REGION1,COMELCB02,2036,68.69
REGION1,COMKER,2036,0
REGION1,COMNGS,2036,0
REGION1,CRPALF,2036,0
REGION1,CRPBRL,2036,0
REGION1,CRPMAI,2036,0
REGION1,CRPOAT,2036,0
REGION1,CRPOTH,2036,0
REGION1,CRPPEA,2036,0
REGION1,CRPPTW,2036,0
REGION1,CRPRAP,2036,0
REGION1,CRPRYE,2036,0
REGION1,CRPWHE,2036,0
REGION1,CRU,2036,0
REGION1,DSL,2036,0
REGION1,ELCB01,2036,0
REGION1,ELCB02,2036,0
REGION1,GEO,2036,0
REGION1,GSL,2036,0
REGION1,HFO,2036,0
REGION1,HYD,2036,0
REGION1,INDBIO,2036,0
REGION1,INDDSL,2036,0
REGION1,INDELCB02,2036,109.55
REGION1,INDNGS,2036,0
REGION1,JFL,2036,0
REGION1,KER,2036,0
REGION1,LALFHIBC1,2036,0
REGION1,LALFHRBC1,2036,0
REGION1,LALFIIBC1,2036,0
REGION1,LALFIRBC1,2036,0
REGION1,LALFLRBC1,2036,0
REGION1,LBARBC1,2036,0
REGION1,LBC1,2036,0
REGION1,LBLTBC1,2036,0
REGION1,LBRLHIBC1,2036,0
REGION1,LBRLHRBC1,2036,0
REGION1,LBRLIIBC1,2036,0
REGION1,LBRLIRBC1,2036,0
REGION1,LBRLLRBC1,2036,0
REGION1,LFORBC1,2036,0
REGION1,LGRSBC1,2036,0
REGION1,LMAIHIBC1,2036,0
REGION1,LMAIHRBC1,2036,0
REGION1,LMAIIIBC1,2036,0
REGION1,LMAIIRBC1,2036,0
REGION1,LMAILRBC1,2036,0
REGION1,LND4PWR,2036,0
REGION1,LOATHIBC1,2036,0
REGION1,LOATHRBC1,2036,0
REGION1,LOATIIBC1,2036,0
REGION1,LOATIRBC1,2036,0
REGION1,LOATLRBC1,2036,0
REGION1,LOTHBC1,2036,0
REGION1,LOTHHIBC1,2036,0
REGION1,LOTHHRBC1,2036,0
REGION1,LOTHIIBC1,2036,0
REGION1,LOTHIRBC1,2036,0
REGION1,LOTHLRBC1,2036,0
REGION1,LPEAHIBC1,2036,0
REGION1,LPEAHRBC1,2036,0
REGION1,LPEAIIBC1,2036,0
REGION1,LPEAIRBC1,2036,0
REGION1,LPEALRBC1,2036,0
REGION1,LPG,2036,0
REGION1,LPTWHIBC1,2036,0
REGION1,LPTWHRBC1,2036,0
REGION1,LPTWIIBC1,2036,0
REGION1,LPTWIRBC1,2036,0
REGION1,LPTWLRBC1,2036,0
REGION1,LRAPHIBC1,2036,0
REGION1,LRAPHRBC1,2036,0
REGION1,LRAPIIBC1,2036,0
REGION1,LRAPIRBC1,2036,0
REGION1,LRAPLRBC1,2036,0
REGION1,LRYEHIBC1,2036,0
REGION1,LRYEHRBC1,2036,0
REGION1,LRYEIIBC1,2036,0
REGION1,LRYEIRBC1,2036,0
REGION1,LRYELRBC1,2036,0
REGION1,LWATBC1,2036,0
REGION1,LWHEHIBC1,2036,0
REGION1,LWHEHRBC1,2036,0
REGION1,LWHEIIBC1,2036,0
REGION1,LWHEIRBC1,2036,0
REGION1,LWHELRBC1,2036,0
REGION1,NGS,2036,0
REGION1,PUBWATBC1,2036,0
REGION1,PWRBIO,2036,0
REGION1,PWRGEO,2036,0
REGION1,PWRHYD,2036,0
REGION1,PWRNGS,2036,0
REGION1,PWRSOL,2036,0
REGION1,PWRURN,2036,0
REGION1,PWRWATBC1,2036,0
REGION1,PWRWND,2036,0
REGION1,RESBIO,2036,0
REGION1,RESELCB02,2036,92.5
REGION1,RESKER,2036,0
REGION1,RESNGS,2036,0
REGION1,SOL,2036,0
REGION1,TRABIO,2036,0
REGION1,TRADSL,2036,0
REGION1,TRAELCB02,2036,17.85
REGION1,TRAGSL,2036,0
REGION1,TRAHFO,2036,0
REGION1,TRAJFL,2036,0
REGION1,TRALPG,2036,0
REGION1,TRANGS,2036,0
REGION1,URN,2036,0
REGION1,WND,2036,0
REGION1,WTREVTBC1,2036,0
REGION1,WTRGRCBC1,2036,0
REGION1,WTRPRCBC1,2036,0
REGION1,WTRSURBC1,2036,0
REGION1,AGRDSL,2037,0
REGION1,AGRELCB02,2037,0
REGION1,AGRNGS,2037,0
REGION1,AGRWATBC1,2037,0
REGION1,BIO,2037,0
REGION1,COA,2037,0
REGION1,COMBIO,2037,0
REGION1,COMELCB02,2037,69.07
REGION1,COMKER,2037,0
REGION1,COMNGS,2037,0
REGION1,CRPALF,2037,0
REGION1,CRPBRL,2037,0
REGION1,CRPMAI,2037,0
REGION1,CRPOAT,2037,0
REGION1,CRPOTH,2037,0
REGION1,CRPPEA,2037,0
REGION1,CRPPTW,2037,0
REGION1,CRPRAP,2037,0
REGION1,CRPRYE,2037,0
REGION1,CRPWHE,2037,0
REGION1,CRU,2037,0
REGION1,DSL,2037,0
REGION1,ELCB01,2037,0
REGION1,ELCB02,2037,0
REGION1,GEO,2037,0
REGION1,GSL,2037,0
REGION1,HFO,2037,0
REGION1,HYD,2037,0
REGION1,INDBIO,2037,0
REGION1,INDDSL,2037,0
REGION1,INDELCB02,2037,108.83
REGION1,INDNGS,2037,0
REGION1,JFL,2037,0
REGION1,KER,2037,0
REGION1,LALFHIBC1,2037,0
REGION1,LALFHRBC1,2037,0
REGION1,LALFIIBC1,2037,0
REGION1,LALFIRBC1,2037,0
REGION1,LALFLRBC1,2037,0
REGION1,LBARBC1,2037,0
REGION1,LBC1,2037,0
REGION1,LBLTBC1,2037,0
REGION1,LBRLHIBC1,2037,0
REGION1,LBRLHRBC1,2037,0
REGION1,LBRLIIBC1,2037,0
REGION1,LBRLIRBC1,2037,0
REGION1,LBRLLRBC1,2037,0
REGION1,LFORBC1,2037,0
REGION1,LGRSBC1,2037,0
REGION1,LMAIHIBC1,2037,0
REGION1,LMAIHRBC1,2037,0
REGION1,LMAIIIBC1,2037,0
REGION1,LMAIIRBC1,2037,0
REGION1,LMAILRBC1,2037,0
REGION1,LND4PWR,2037,0
REGION1,LOATHIBC1,2037,0
REGION1,LOATHRBC1,2037,0
REGION1,LOATIIBC1,2037,0
REGION1,LOATIRBC1,2037,0
REGION1,LOATLRBC1,2037,0
REGION1,LOTHBC1,2037,0
REGION1,LOTHHIBC1,2037,0
REGION1,LOTHHRBC1,2037,0
REGION1,LOTHIIBC1,2037,0
REGION1,LOTHIRBC1,2037,0
REGION1,LOTHLRBC1,2037,0
REGION1,LPEAHIBC1,2037,0
REGION1,LPEAHRBC1,2037,0
REGION1,LPEAIIBC1,2037,0
REGION1,LPEAIRBC1,2037,0
REGION1,LPEALRBC1,2037,0
REGION1,LPG,2037,0
REGION1,LPTWHIBC1,2037,0
REGION1,LPTWHRBC1,2037,0
REGION1,LPTWIIBC1,2037,0
REGION1,LPTWIRBC1,2037,0
REGION1,LPTWLRBC1,2037,0
REGION1,LRAPHIBC1,2037,0
REGION1,LRAPHRBC1,2037,0
REGION1,LRAPIIBC1,2037,0
REGION1,LRAPIRBC1,2037,0
REGION1,LRAPLRBC1,2037,0
REGION1,LRYEHIBC1,2037,0
REGION1,LRYEHRBC1,2037,0
REGION1,LRYEIIBC1,2037,0
REGION1,LRYEIRBC1,2037,0
REGION1,LRYELRBC1,2037,0
REGION1,LWATBC1,2037,0
REGION1,LWHEHIBC1,2037,0
REGION1,LWHEHRBC1,2037,0
REGION1,LWHEIIBC1,2037,0
REGION1,LWHEIRBC1,2037,0
REGION1,LWHELRBC1,2037,0
REGION1,NGS,2037,0
REGION1,PUBWATBC1,2037,0
REGION1,PWRBIO,2037,0
REGION1,PWRGEO,2037,0
REGION1,PWRHYD,2037,0
REGION1,PWRNGS,2037,0
REGION1,PWRSOL,2037,0
REGION1,PWRURN,2037,0
REGION1,PWRWATBC1,2037,0
REGION1,PWRWND,2037,0
REGION1,RESBIO,2037,0
REGION1,RESELCB02,2037,92.97
REGION1,RESKER,2037,0
REGION1,RESNGS,2037,0
REGION1,SOL,2037,0
REGION1,TRABIO,2037,0
REGION1,TRADSL,2037,0
REGION1,TRAELCB02,2037,19.79
REGION1,TRAGSL,2037,0
REGION1,TRAHFO,2037,0
REGION1,TRAJFL,2037,0
REGION1,TRALPG,2037,0
REGION1,TRANGS,2037,0
REGION1,URN,2037,0
REGION1,WND,2037,0
REGION1,WTREVTBC1,2037,0
REGION1,WTRGRCBC1,2037,0
REGION1,WTRPRCBC1,2037,0
REGION1,WTRSURBC1,2037,0
REGION1,AGRDSL,2038,0
REGION1,AGRELCB02,2038,0
REGION1,AGRNGS,2038,0
REGION1,AGRWATBC1,2038,0
REGION1,BIO,2038,0
REGION1,COA,2038,0
REGION1,COMBIO,2038,0
REGION1,COMELCB02,2038,69.54
REGION1,COMKER,2038,0
REGION1,COMNGS,2038,0
REGION1,CRPALF,2038,0
REGION1,CRPBRL,2038,0
REGION1,CRPMAI,2038,0
REGION1,CRPOAT,2038,0
REGION1,CRPOTH,2038,0
REGION1,CRPPEA,2038,0
REGION1,CRPPTW,2038,0
REGION1,CRPRAP,2038,0
REGION1,CRPRYE,2038,0
REGION1,CRPWHE,2038,0
REGION1,CRU,2038,0
REGION1,DSL,2038,0
REGION1,ELCB01,2038,0
REGION1,ELCB02,2038,0
REGION1,GEO,2038,0
REGION1,GSL,2038,0
REGION1,HFO,2038,0
REGION1,HYD,2038,0
REGION1,INDBIO,2038,0
REGION1,INDDSL,2038,0
REGION1,INDELCB02,2038,108.34
REGION1,INDNGS,2038,0
REGION1,JFL,2038,0
REGION1,KER,2038,0
REGION1,LALFHIBC1,2038,0
REGION1,LALFHRBC1,2038,0
REGION1,LALFIIBC1,2038,0
REGION1,LALFIRBC1,2038,0
REGION1,LALFLRBC1,2038,0
REGION1,LBARBC1,2038,0
REGION1,LBC1,2038,0
REGION1,LBLTBC1,2038,0
REGION1,LBRLHIBC1,2038,0
REGION1,LBRLHRBC1,2038,0
REGION1,LBRLIIBC1,2038,0
REGION1,LBRLIRBC1,2038,0
REGION1,LBRLLRBC1,2038,0
REGION1,LFORBC1,2038,0
REGION1,LGRSBC1,2038,0
REGION1,LMAIHIBC1,2038,0
REGION1,LMAIHRBC1,2038,0
REGION1,LMAIIIBC1,2038,0
REGION1,LMAIIRBC1,2038,0
REGION1,LMAILRBC1,2038,0
REGION1,LND4PWR,2038,0
REGION1,LOATHIBC1,2038,0
REGION1,LOATHRBC1,2038,0
REGION1,LOATIIBC1,2038,0
REGION1,LOATIRBC1,2038,0
REGION1,LOATLRBC1,2038,0
REGION1,LOTHBC1,2038,0
REGION1,LOTHHIBC1,2038,0
REGION1,LOTHHRBC1,2038,0
REGION1,LOTHIIBC1,2038,0
REGION1,LOTHIRBC1,2038,0
REGION1,LOTHLRBC1,2038,0
REGION1,LPEAHIBC1,2038,0
REGION1,LPEAHRBC1,2038,0
REGION1,LPEAIIBC1,2038,0
REGION1,LPEAIRBC1,2038,0
REGION1,LPEALRBC1,2038,0
REGION1,LPG,2038,0
REGION1,LPTWHIBC1,2038,0
REGION1,LPTWHRBC1,2038,0
REGION1,LPTWIIBC1,2038,0
REGION1,LPTWIRBC1,2038,0
REGION1,LPTWLRBC1,2038,0
REGION1,LRAPHIBC1,2038,0
REGION1,LRAPHRBC1,2038,0
REGION1,LRAPIIBC1,2038,0
REGION1,LRAPIRBC1,2038,0
REGION1,LRAPLRBC1,2038,0
REGION1,LRYEHIBC1,2038,0
REGION1,LRYEHRBC1,2038,0
REGION1,LRYEIIBC1,2038,0
REGION1,LRYEIRBC1,2038,0
REGION1,LRYELRBC1,2038,0
REGION1,LWATBC1,2038,0
REGION1,LWHEHIBC1,2038,0
REGION1,LWHEHRBC1,2038,0
REGION1,LWHEIIBC1,2038,0
REGION1,LWHEIRBC1,2038,0
REGION1,LWHELRBC1,2038,0
REGION1,NGS,2038,0
REGION1,PUBWATBC1,2038,0
REGION1,PWRBIO,2038,0
REGION1,PWRGEO,2038,0
REGION1,PWRHYD,2038,0
REGION1,PWRNGS,2038,0
REGION1,PWRSOL,2038,0
REGION1,PWRURN,2038,0
REGION1,PWRWATBC1,2038,0
REGION1,PWRWND,2038,0
REGION1,RESBIO,2038,0
REGION1,RESELCB02,2038,93.49
REGION1,RESKER,2038,0
REGION1,RESNGS,2038,0
REGION1,SOL,2038,0
REGION1,TRABIO,2038,0
REGION1,TRADSL,2038,0
REGION1,TRAELCB02,2038,21.92
REGION1,TRAGSL,2038,0
REGION1,TRAHFO,2038,0
REGION1,TRAJFL,2038,0
REGION1,TRALPG,2038,0
REGION1,TRANGS,2038,0
REGION1,URN,2038,0
REGION1,WND,2038,0
REGION1,WTREVTBC1,2038,0
REGION1,WTRGRCBC1,2038,0
REGION1,WTRPRCBC1,2038,0
REGION1,WTRSURBC1,2038,0
REGION1,AGRDSL,2039,0
REGION1,AGRELCB02,2039,0
REGION1,AGRNGS,2039,0
REGION1,AGRWATBC1,2039,0
REGION1,BIO,2039,0
REGION1,COA,2039,0
REGION1,COMBIO,2039,0
REGION1,COMELCB02,2039,69.96
REGION1,COMKER,2039,0
REGION1,COMNGS,2039,0
REGION1,CRPALF,2039,0
REGION1,CRPBRL,2039,0
REGION1,CRPMAI,2039,0
REGION1,CRPOAT,2039,0
REGION1,CRPOTH,2039,0
REGION1,CRPPEA,2039,0
REGION1,CRPPTW,2039,0
REGION1,CRPRAP,2039,0
REGION1,CRPRYE,2039,0
REGION1,CRPWHE,2039,0
REGION1,CRU,2039,0
REGION1,DSL,2039,0
REGION1,ELCB01,2039,0
REGION1,ELCB02,2039,0
REGION1,GEO,2039,0
REGION1,GSL,2039,0
REGION1,HFO,2039,0
REGION1,HYD,2039,0
REGION1,INDBIO,2039,0
REGION1,INDDSL,2039,0
REGION1,INDELCB02,2039,107.86
REGION1,INDNGS,2039,0
REGION1,JFL,2039,0
REGION1,KER,2039,0
REGION1,LALFHIBC1,2039,0
REGION1,LALFHRBC1,2039,0
REGION1,LALFIIBC1,2039,0
REGION1,LALFIRBC1,2039,0
REGION1,LALFLRBC1,2039,0
REGION1,LBARBC1,2039,0
REGION1,LBC1,2039,0
REGION1,LBLTBC1,2039,0
REGION1,LBRLHIBC1,2039,0
REGION1,LBRLHRBC1,2039,0
REGION1,LBRLIIBC1,2039,0
REGION1,LBRLIRBC1,2039,0
REGION1,LBRLLRBC1,2039,0
REGION1,LFORBC1,2039,0
REGION1,LGRSBC1,2039,0
REGION1,LMAIHIBC1,2039,0
REGION1,LMAIHRBC1,2039,0
REGION1,LMAIIIBC1,2039,0
REGION1,LMAIIRBC1,2039,0
REGION1,LMAILRBC1,2039,0
REGION1,LND4PWR,2039,0
REGION1,LOATHIBC1,2039,0
REGION1,LOATHRBC1,2039,0
REGION1,LOATIIBC1,2039,0
REGION1,LOATIRBC1,2039,0
REGION1,LOATLRBC1,2039,0
REGION1,LOTHBC1,2039,0
REGION1,LOTHHIBC1,2039,0
REGION1,LOTHHRBC1,2039,0
REGION1,LOTHIIBC1,2039,0
REGION1,LOTHIRBC1,2039,0
REGION1,LOTHLRBC1,2039,0
REGION1,LPEAHIBC1,2039,0
REGION1,LPEAHRBC1,2039,0
REGION1,LPEAIIBC1,2039,0
REGION1,LPEAIRBC1,2039,0
REGION1,LPEALRBC1,2039,0
REGION1,LPG,2039,0
REGION1,LPTWHIBC1,2039,0
REGION1,LPTWHRBC1,2039,0
REGION1,LPTWIIBC1,2039,0
REGION1,LPTWIRBC1,2039,0
REGION1,LPTWLRBC1,2039,0
REGION1,LRAPHIBC1,2039,0
REGION1,LRAPHRBC1,2039,0
REGION1,LRAPIIBC1,2039,0
REGION1,LRAPIRBC1,2039,0
REGION1,LRAPLRBC1,2039,0
REGION1,LRYEHIBC1,2039,0
REGION1,LRYEHRBC1,2039,0
REGION1,LRYEIIBC1,2039,0
REGION1,LRYEIRBC1,2039,0
REGION1,LRYELRBC1,2039,0
REGION1,LWATBC1,2039,0
REGION1,LWHEHIBC1,2039,0
REGION1,LWHEHRBC1,2039,0
REGION1,LWHEIIBC1,2039,0
REGION1,LWHEIRBC1,2039,0
REGION1,LWHELRBC1,2039,0
REGION1,NGS,2039,0
REGION1,PUBWATBC1,2039,0
REGION1,PWRBIO,2039,0
REGION1,PWRGEO,2039,0
REGION1,PWRHYD,2039,0
REGION1,PWRNGS,2039,0
REGION1,PWRSOL,2039,0
REGION1,PWRURN,2039,0
REGION1,PWRWATBC1,2039,0
REGION1,PWRWND,2039,0
REGION1,RESBIO,2039,0
REGION1,RESELCB02,2039,93.98
REGION1,RESKER,2039,0
REGION1,RESNGS,2039,0
REGION1,SOL,2039,0
REGION1,TRABIO,2039,0
REGION1,TRADSL,2039,0
REGION1,TRAELCB02,2039,24.15
REGION1,TRAGSL,2039,0
REGION1,TRAHFO,2039,0
REGION1,TRAJFL,2039,0
REGION1,TRALPG,2039,0
REGION1,TRANGS,2039,0
REGION1,URN,2039,0
REGION1,WND,2039,0
REGION1,WTREVTBC1,2039,0
REGION1,WTRGRCBC1,2039,0
REGION1,WTRPRCBC1,2039,0
REGION1,WTRSURBC1,2039,0
REGION1,AGRDSL,2040,0
REGION1,AGRELCB02,2040,0
REGION1,AGRNGS,2040,0
REGION1,AGRWATBC1,2040,0
REGION1,BIO,2040,0
REGION1,COA,2040,0
REGION1,COMBIO,2040,0
REGION1,COMELCB02,2040,70.4
REGION1,COMKER,2040,0
REGION1,COMNGS,2040,0
REGION1,CRPALF,2040,0
REGION1,CRPBRL,2040,0
REGION1,CRPMAI,2040,0
REGION1,CRPOAT,2040,0
REGION1,CRPOTH,2040,0
REGION1,CRPPEA,2040,0
REGION1,CRPPTW,2040,0
REGION1,CRPRAP,2040,0
REGION1,CRPRYE,2040,0
REGION1,CRPWHE,2040,0
REGION1,CRU,2040,0
REGION1,DSL,2040,0
REGION1,ELCB01,2040,0
REGION1,ELCB02,2040,0
REGION1,GEO,2040,0
REGION1,GSL,2040,0
REGION1,HFO,2040,0
REGION1,HYD,2040,0
REGION1,INDBIO,2040,0
REGION1,INDDSL,2040,0
REGION1,INDELCB02,2040,107.38
REGION1,INDNGS,2040,0
REGION1,JFL,2040,0
REGION1,KER,2040,0
REGION1,LALFHIBC1,2040,0
REGION1,LALFHRBC1,2040,0
REGION1,LALFIIBC1,2040,0
REGION1,LALFIRBC1,2040,0
REGION1,LALFLRBC1,2040,0
REGION1,LBARBC1,2040,0
REGION1,LBC1,2040,0
REGION1,LBLTBC1,2040,0
REGION1,LBRLHIBC1,2040,0
REGION1,LBRLHRBC1,2040,0
REGION1,LBRLIIBC1,2040,0
REGION1,LBRLIRBC1,2040,0
REGION1,LBRLLRBC1,2040,0
REGION1,LFORBC1,2040,0
REGION1,LGRSBC1,2040,0
REGION1,LMAIHIBC1,2040,0
REGION1,LMAIHRBC1,2040,0
REGION1,LMAIIIBC1,2040,0
REGION1,LMAIIRBC1,2040,0
REGION1,LMAILRBC1,2040,0
REGION1,LND4PWR,2040,0
REGION1,LOATHIBC1,2040,0
REGION1,LOATHRBC1,2040,0
REGION1,LOATIIBC1,2040,0
REGION1,LOATIRBC1,2040,0
REGION1,LOATLRBC1,2040,0
REGION1,LOTHBC1,2040,0
REGION1,LOTHHIBC1,2040,0
REGION1,LOTHHRBC1,2040,0
REGION1,LOTHIIBC1,2040,0
REGION1,LOTHIRBC1,2040,0
REGION1,LOTHLRBC1,2040,0
REGION1,LPEAHIBC1,2040,0
REGION1,LPEAHRBC1,2040,0
REGION1,LPEAIIBC1,2040,0
REGION1,LPEAIRBC1,2040,0
REGION1,LPEALRBC1,2040,0
REGION1,LPG,2040,0
REGION1,LPTWHIBC1,2040,0
REGION1,LPTWHRBC1,2040,0
REGION1,LPTWIIBC1,2040,0
REGION1,LPTWIRBC1,2040,0
REGION1,LPTWLRBC1,2040,0
REGION1,LRAPHIBC1,2040,0
REGION1,LRAPHRBC1,2040,0
REGION1,LRAPIIBC1,2040,0
REGION1,LRAPIRBC1,2040,0
REGION1,LRAPLRBC1,2040,0
REGION1,LRYEHIBC1,2040,0
REGION1,LRYEHRBC1,2040,0
REGION1,LRYEIIBC1,2040,0
REGION1,LRYEIRBC1,2040,0
REGION1,LRYELRBC1,2040,0
REGION1,LWATBC1,2040,0
REGION1,LWHEHIBC1,2040,0
REGION1,LWHEHRBC1,2040,0
REGION1,LWHEIIBC1,2040,0
REGION1,LWHEIRBC1,2040,0
REGION1,LWHELRBC1,2040,0
REGION1,NGS,2040,0
REGION1,PUBWATBC1,2040,0
REGION1,PWRBIO,2040,0
REGION1,PWRGEO,2040,0
REGION1,PWRHYD,2040,0
REGION1,PWRNGS,2040,0
REGION1,PWRSOL,2040,0
REGION1,PWRURN,2040,0
REGION1,PWRWATBC1,2040,0
REGION1,PWRWND,2040,0
REGION1,RESBIO,2040,0
REGION1,RESELCB02,2040,94.42
REGION1,RESKER,2040,0
REGION1,RESNGS,2040,0
REGION1,SOL,2040,0
REGION1,TRABIO,2040,0
REGION1,TRADSL,2040,0
REGION1,TRAELCB02,2040,26.42
REGION1,TRAGSL,2040,0
REGION1,TRAHFO,2040,0
REGION1,TRAJFL,2040,0
REGION1,TRALPG,2040,0
REGION1,TRANGS,2040,0
REGION1,URN,2040,0
REGION1,WND,2040,0
REGION1,WTREVTBC1,2040,0
REGION1,WTRGRCBC1,2040,0
REGION1,WTRPRCBC1,2040,0
REGION1,WTRSURBC1,2040,0
REGION1,AGRDSL,2041,0
REGION1,AGRELCB02,2041,0
REGION1,AGRNGS,2041,0
REGION1,AGRWATBC1,2041,0
REGION1,BIO,2041,0
REGION1,COA,2041,0
REGION1,COMBIO,2041,0
REGION1,COMELCB02,2041,70.971
REGION1,COMKER,2041,0
REGION1,COMNGS,2041,0
REGION1,CRPALF,2041,0
REGION1,CRPBRL,2041,0
REGION1,CRPMAI,2041,0
REGION1,CRPOAT,2041,0
REGION1,CRPOTH,2041,0
REGION1,CRPPEA,2041,0
REGION1,CRPPTW,2041,0
REGION1,CRPRAP,2041,0
REGION1,CRPRYE,2041,0
REGION1,CRPWHE,2041,0
REGION1,CRU,2041,0
REGION1,DSL,2041,0
REGION1,ELCB01,2041,0
REGION1,ELCB02,2041,0
REGION1,GEO,2041,0
REGION1,GSL,2041,0
REGION1,HFO,2041,0
REGION1,HYD,2041,0
REGION1,INDBIO,2041,0
REGION1,INDDSL,2041,0
REGION1,INDELCB02,2041,107.38
REGION1,INDNGS,2041,0
REGION1,JFL,2041,0
REGION1,KER,2041,0
REGION1,LALFHIBC1,2041,0
REGION1,LALFHRBC1,2041,0
REGION1,LALFIIBC1,2041,0
REGION1,LALFIRBC1,2041,0
REGION1,LALFLRBC1,2041,0
REGION1,LBARBC1,2041,0
REGION1,LBC1,2041,0
REGION1,LBLTBC1,2041,0
REGION1,LBRLHIBC1,2041,0
REGION1,LBRLHRBC1,2041,0
REGION1,LBRLIIBC1,2041,0
REGION1,LBRLIRBC1,2041,0
REGION1,LBRLLRBC1,2041,0
REGION1,LFORBC1,2041,0
REGION1,LGRSBC1,2041,0
REGION1,LMAIHIBC1,2041,0
REGION1,LMAIHRBC1,2041,0
REGION1,LMAIIIBC1,2041,0
REGION1,LMAIIRBC1,2041,0
REGION1,LMAILRBC1,2041,0
REGION1,LND4PWR,2041,0
REGION1,LOATHIBC1,2041,0
REGION1,LOATHRBC1,2041,0
REGION1,LOATIIBC1,2041,0
REGION1,LOATIRBC1,2041,0
REGION1,LOATLRBC1,2041,0
REGION1,LOTHBC1,2041,0
REGION1,LOTHHIBC1,2041,0
REGION1,LOTHHRBC1,2041,0
REGION1,LOTHIIBC1,2041,0
REGION1,LOTHIRBC1,2041,0
REGION1,LOTHLRBC1,2041,0
REGION1,LPEAHIBC1,2041,0
REGION1,LPEAHRBC1,2041,0
REGION1,LPEAIIBC1,2041,0
REGION1,LPEAIRBC1,2041,0
REGION1,LPEALRBC1,2041,0
REGION1,LPG,2041,0
REGION1,LPTWHIBC1,2041,0
REGION1,LPTWHRBC1,2041,0
REGION1,LPTWIIBC1,2041,0
REGION1,LPTWIRBC1,2041,0
REGION1,LPTWLRBC1,2041,0
REGION1,LRAPHIBC1,2041,0
REGION1,LRAPHRBC1,2041,0
REGION1,LRAPIIBC1,2041,0
REGION1,LRAPIRBC1,2041,0
REGION1,LRAPLRBC1,2041,0
REGION1,LRYEHIBC1,2041,0
REGION1,LRYEHRBC1,2041,0
REGION1,LRYEIIBC1,2041,0
REGION1,LRYEIRBC1,2041,0
REGION1,LRYELRBC1,2041,0
REGION1,LWATBC1,2041,0
REGION1,LWHEHIBC1,2041,0
REGION1,LWHEHRBC1,2041,0
REGION1,LWHEIIBC1,2041,0
REGION1,LWHEIRBC1,2041,0
REGION1,LWHELRBC1,2041,0
REGION1,NGS,2041,0
REGION1,PUBWATBC1,2041,0
REGION1,PWRBIO,2041,0
REGION1,PWRGEO,2041,0
REGION1,PWRHYD,2041,0
REGION1,PWRNGS,2041,0
REGION1,PWRSOL,2041,0
REGION1,PWRURN,2041,0
REGION1,PWRWATBC1,2041,0
REGION1,PWRWND,2041,0
REGION1,RESBIO,2041,0
REGION1,RESELCB02,2041,95.291
REGION1,RESKER,2041,0
REGION1,RESNGS,2041,0
REGION1,SOL,2041,0
REGION1,TRABIO,2041,0
REGION1,TRADSL,2041,0
REGION1,TRAELCB02,2041,27.295
REGION1,TRAGSL,2041,0
REGION1,TRAHFO,2041,0
REGION1,TRAJFL,2041,0
REGION1,TRALPG,2041,0
REGION1,TRANGS,2041,0
REGION1,URN,2041,0
REGION1,WND,2041,0
REGION1,WTREVTBC1,2041,0
REGION1,WTRGRCBC1,2041,0
REGION1,WTRPRCBC1,2041,0
REGION1,WTRSURBC1,2041,0
REGION1,AGRDSL,2042,0
REGION1,AGRELCB02,2042,0
REGION1,AGRNGS,2042,0
REGION1,AGRWATBC1,2042,0
REGION1,BIO,2042,0
REGION1,COA,2042,0
REGION1,COMBIO,2042,0
REGION1,COMELCB02,2042,71.441
REGION1,COMKER,2042,0
REGION1,COMNGS,2042,0
REGION1,CRPALF,2042,0
REGION1,CRPBRL,2042,0
REGION1,CRPMAI,2042,0
REGION1,CRPOAT,2042,0
REGION1,CRPOTH,2042,0
REGION1,CRPPEA,2042,0
REGION1,CRPPTW,2042,0
REGION1,CRPRAP,2042,0
REGION1,CRPRYE,2042,0
REGION1,CRPWHE,2042,0
REGION1,CRU,2042,0
REGION1,DSL,2042,0
REGION1,ELCB01,2042,0
REGION1,ELCB02,2042,0
REGION1,GEO,2042,0
REGION1,GSL,2042,0
REGION1,HFO,2042,0
REGION1,HYD,2042,0
REGION1,INDBIO,2042,0
REGION1,INDDSL,2042,0
REGION1,INDELCB02,2042,106.943
REGION1,INDNGS,2042,0
REGION1,JFL,2042,0
REGION1,KER,2042,0
REGION1,LALFHIBC1,2042,0
REGION1,LALFHRBC1,2042,0
REGION1,LALFIIBC1,2042,0
REGION1,LALFIRBC1,2042,0
REGION1,LALFLRBC1,2042,0
REGION1,LBARBC1,2042,0
REGION1,LBC1,2042,0
REGION1,LBLTBC1,2042,0
REGION1,LBRLHIBC1,2042,0
REGION1,LBRLHRBC1,2042,0
REGION1,LBRLIIBC1,2042,0
REGION1,LBRLIRBC1,2042,0
REGION1,LBRLLRBC1,2042,0
REGION1,LFORBC1,2042,0
REGION1,LGRSBC1,2042,0
REGION1,LMAIHIBC1,2042,0
REGION1,LMAIHRBC1,2042,0
REGION1,LMAIIIBC1,2042,0
REGION1,LMAIIRBC1,2042,0
REGION1,LMAILRBC1,2042,0
REGION1,LND4PWR,2042,0
REGION1,LOATHIBC1,2042,0
REGION1,LOATHRBC1,2042,0
REGION1,LOATIIBC1,2042,0
REGION1,LOATIRBC1,2042,0
REGION1,LOATLRBC1,2042,0
REGION1,LOTHBC1,2042,0
REGION1,LOTHHIBC1,2042,0
REGION1,LOTHHRBC1,2042,0
REGION1,LOTHIIBC1,2042,0
REGION1,LOTHIRBC1,2042,0
REGION1,LOTHLRBC1,2042,0
REGION1,LPEAHIBC1,2042,0
REGION1,LPEAHRBC1,2042,0
REGION1,LPEAIIBC1,2042,0
REGION1,LPEAIRBC1,2042,0
REGION1,LPEALRBC1,2042,0
REGION1,LPG,2042,0
REGION1,LPTWHIBC1,2042,0
REGION1,LPTWHRBC1,2042,0
REGION1,LPTWIIBC1,2042,0
REGION1,LPTWIRBC1,2042,0
REGION1,LPTWLRBC1,2042,0
REGION1,LRAPHIBC1,2042,0
REGION1,LRAPHRBC1,2042,0
REGION1,LRAPIIBC1,2042,0
REGION1,LRAPIRBC1,2042,0
REGION1,LRAPLRBC1,2042,0
REGION1,LRYEHIBC1,2042,0
REGION1,LRYEHRBC1,2042,0
REGION1,LRYEIIBC1,2042,0
REGION1,LRYEIRBC1,2042,0
REGION1,LRYELRBC1,2042,0
REGION1,LWATBC1,2042,0
REGION1,LWHEHIBC1,2042,0
REGION1,LWHEHRBC1,2042,0
REGION1,LWHEIIBC1,2042,0
REGION1,LWHEIRBC1,2042,0
REGION1,LWHELRBC1,2042,0
REGION1,NGS,2042,0
REGION1,PUBWATBC1,2042,0
REGION1,PWRBIO,2042,0
REGION1,PWRGEO,2042,0
REGION1,PWRHYD,2042,0
REGION1,PWRNGS,2042,0
REGION1,PWRSOL,2042,0
REGION1,PWRURN,2042,0
REGION1,PWRWATBC1,2042,0
REGION1,PWRWND,2042,0
REGION1,RESBIO,2042,0
REGION1,RESELCB02,2042,95.879
REGION1,RESKER,2042,0
REGION1,RESNGS,2042,0
REGION1,SOL,2042,0
REGION1,TRABIO,2042,0
REGION1,TRADSL,2042,0
REGION1,TRAELCB02,2042,29.069
REGION1,TRAGSL,2042,0
REGION1,TRAHFO,2042,0
REGION1,TRAJFL,2042,0
REGION1,TRALPG,2042,0
REGION1,TRANGS,2042,0
REGION1,URN,2042,0
REGION1,WND,2042,0
REGION1,WTREVTBC1,2042,0
REGION1,WTRGRCBC1,2042,0
REGION1,WTRPRCBC1,2042,0
REGION1,WTRSURBC1,2042,0
REGION1,AGRDSL,2043,0
REGION1,AGRELCB02,2043,0
REGION1,AGRNGS,2043,0
REGION1,AGRWATBC1,2043,0
REGION1,BIO,2043,0
REGION1,COA,2043,0
REGION1,COMBIO,2043,0
REGION1,COMELCB02,2043,71.91
REGION1,COMKER,2043,0
REGION1,COMNGS,2043,0
REGION1,CRPALF,2043,0
REGION1,CRPBRL,2043,0
REGION1,CRPMAI,2043,0
REGION1,CRPOAT,2043,0
REGION1,CRPOTH,2043,0
REGION1,CRPPEA,2043,0
REGION1,CRPPTW,2043,0
REGION1,CRPRAP,2043,0
REGION1,CRPRYE,2043,0
REGION1,CRPWHE,2043,0
REGION1,CRU,2043,0
REGION1,DSL,2043,0
REGION1,ELCB01,2043,0
REGION1,ELCB02,2043,0
REGION1,GEO,2043,0
REGION1,GSL,2043,0
REGION1,HFO,2043,0
REGION1,HYD,2043,0
REGION1,INDBIO,2043,0
REGION1,INDDSL,2043,0
REGION1,INDELCB02,2043,106.507
REGION1,INDNGS,2043,0
REGION1,JFL,2043,0
REGION1,KER,2043,0
REGION1,LALFHIBC1,2043,0
REGION1,LALFHRBC1,2043,0
REGION1,LALFIIBC1,2043,0
REGION1,LALFIRBC1,2043,0
REGION1,LALFLRBC1,2043,0
REGION1,LBARBC1,2043,0
REGION1,LBC1,2043,0
REGION1,LBLTBC1,2043,0
REGION1,LBRLHIBC1,2043,0
REGION1,LBRLHRBC1,2043,0
REGION1,LBRLIIBC1,2043,0
REGION1,LBRLIRBC1,2043,0
REGION1,LBRLLRBC1,2043,0
REGION1,LFORBC1,2043,0
REGION1,LGRSBC1,2043,0
REGION1,LMAIHIBC1,2043,0
REGION1,LMAIHRBC1,2043,0
REGION1,LMAIIIBC1,2043,0
REGION1,LMAIIRBC1,2043,0
REGION1,LMAILRBC1,2043,0
REGION1,LND4PWR,2043,0
REGION1,LOATHIBC1,2043,0
REGION1,LOATHRBC1,2043,0
REGION1,LOATIIBC1,2043,0
REGION1,LOATIRBC1,2043,0
REGION1,LOATLRBC1,2043,0
REGION1,LOTHBC1,2043,0
REGION1,LOTHHIBC1,2043,0
REGION1,LOTHHRBC1,2043,0
REGION1,LOTHIIBC1,2043,0
REGION1,LOTHIRBC1,2043,0
REGION1,LOTHLRBC1,2043,0
REGION1,LPEAHIBC1,2043,0
REGION1,LPEAHRBC1,2043,0
REGION1,LPEAIIBC1,2043,0
REGION1,LPEAIRBC1,2043,0
REGION1,LPEALRBC1,2043,0
REGION1,LPG,2043,0
REGION1,LPTWHIBC1,2043,0
REGION1,LPTWHRBC1,2043,0
REGION1,LPTWIIBC1,2043,0
REGION1,LPTWIRBC1,2043,0
REGION1,LPTWLRBC1,2043,0
REGION1,LRAPHIBC1,2043,0
REGION1,LRAPHRBC1,2043,0
REGION1,LRAPIIBC1,2043,0
REGION1,LRAPIRBC1,2043,0
REGION1,LRAPLRBC1,2043,0
REGION1,LRYEHIBC1,2043,0
REGION1,LRYEHRBC1,2043,0
REGION1,LRYEIIBC1,2043,0
REGION1,LRYEIRBC1,2043,0
REGION1,LRYELRBC1,2043,0
REGION1,LWATBC1,2043,0
REGION1,LWHEHIBC1,2043,0
REGION1,LWHEHRBC1,2043,0
REGION1,LWHEIIBC1,2043,0
REGION1,LWHEIRBC1,2043,0
REGION1,LWHELRBC1,2043,0
REGION1,NGS,2043,0
REGION1,PUBWATBC1,2043,0
REGION1,PWRBIO,2043,0
REGION1,PWRGEO,2043,0
REGION1,PWRHYD,2043,0
REGION1,PWRNGS,2043,0
REGION1,PWRSOL,2043,0
REGION1,PWRURN,2043,0
REGION1,PWRWATBC1,2043,0
REGION1,PWRWND,2043,0
REGION1,RESBIO,2043,0
REGION1,RESELCB02,2043,96.466
REGION1,RESKER,2043,0
REGION1,RESNGS,2043,0
REGION1,SOL,2043,0
REGION1,TRABIO,2043,0
REGION1,TRADSL,2043,0
REGION1,TRAELCB02,2043,30.843
REGION1,TRAGSL,2043,0
REGION1,TRAHFO,2043,0
REGION1,TRAJFL,2043,0
REGION1,TRALPG,2043,0
REGION1,TRANGS,2043,0
REGION1,URN,2043,0
REGION1,WND,2043,0
REGION1,WTREVTBC1,2043,0
REGION1,WTRGRCBC1,2043,0
REGION1,WTRPRCBC1,2043,0
REGION1,WTRSURBC1,2043,0
REGION1,AGRDSL,2044,0
REGION1,AGRELCB02,2044,0
REGION1,AGRNGS,2044,0
REGION1,AGRWATBC1,2044,0
REGION1,BIO,2044,0
REGION1,COA,2044,0
REGION1,COMBIO,2044,0
REGION1,COMELCB02,2044,72.379
REGION1,COMKER,2044,0
REGION1,COMNGS,2044,0
REGION1,CRPALF,2044,0
REGION1,CRPBRL,2044,0
REGION1,CRPMAI,2044,0
REGION1,CRPOAT,2044,0
REGION1,CRPOTH,2044,0
REGION1,CRPPEA,2044,0
REGION1,CRPPTW,2044,0
REGION1,CRPRAP,2044,0
REGION1,CRPRYE,2044,0
REGION1,CRPWHE,2044,0
REGION1,CRU,2044,0
REGION1,DSL,2044,0
REGION1,ELCB01,2044,0
REGION1,ELCB02,2044,0
REGION1,GEO,2044,0
REGION1,GSL,2044,0
REGION1,HFO,2044,0
REGION1,HYD,2044,0
REGION1,INDBIO,2044,0
REGION1,INDDSL,2044,0
REGION1,INDELCB02,2044,106.07
REGION1,INDNGS,2044,0
REGION1,JFL,2044,0
REGION1,KER,2044,0
REGION1,LALFHIBC1,2044,0
REGION1,LALFHRBC1,2044,0
REGION1,LALFIIBC1,2044,0
REGION1,LALFIRBC1,2044,0
REGION1,LALFLRBC1,2044,0
REGION1,LBARBC1,2044,0
REGION1,LBC1,2044,0
REGION1,LBLTBC1,2044,0
REGION1,LBRLHIBC1,2044,0
REGION1,LBRLHRBC1,2044,0
REGION1,LBRLIIBC1,2044,0
REGION1,LBRLIRBC1,2044,0
REGION1,LBRLLRBC1,2044,0
REGION1,LFORBC1,2044,0
REGION1,LGRSBC1,2044,0
REGION1,LMAIHIBC1,2044,0
REGION1,LMAIHRBC1,2044,0
REGION1,LMAIIIBC1,2044,0
REGION1,LMAIIRBC1,2044,0
REGION1,LMAILRBC1,2044,0
REGION1,LND4PWR,2044,0
REGION1,LOATHIBC1,2044,0
REGION1,LOATHRBC1,2044,0
REGION1,LOATIIBC1,2044,0
REGION1,LOATIRBC1,2044,0
REGION1,LOATLRBC1,2044,0
REGION1,LOTHBC1,2044,0
REGION1,LOTHHIBC1,2044,0
REGION1,LOTHHRBC1,2044,0
REGION1,LOTHIIBC1,2044,0
REGION1,LOTHIRBC1,2044,0
REGION1,LOTHLRBC1,2044,0
REGION1,LPEAHIBC1,2044,0
REGION1,LPEAHRBC1,2044,0
REGION1,LPEAIIBC1,2044,0
REGION1,LPEAIRBC1,2044,0
REGION1,LPEALRBC1,2044,0
REGION1,LPG,2044,0
REGION1,LPTWHIBC1,2044,0
REGION1,LPTWHRBC1,2044,0
REGION1,LPTWIIBC1,2044,0
REGION1,LPTWIRBC1,2044,0
REGION1,LPTWLRBC1,2044,0
REGION1,LRAPHIBC1,2044,0
REGION1,LRAPHRBC1,2044,0
REGION1,LRAPIIBC1,2044,0
REGION1,LRAPIRBC1,2044,0
REGION1,LRAPLRBC1,2044,0
REGION1,LRYEHIBC1,2044,0
REGION1,LRYEHRBC1,2044,0
REGION1,LRYEIIBC1,2044,0
REGION1,LRYEIRBC1,2044,0
REGION1,LRYELRBC1,2044,0
REGION1,LWATBC1,2044,0
REGION1,LWHEHIBC1,2044,0
REGION1,LWHEHRBC1,2044,0
REGION1,LWHEIIBC1,2044,0
REGION1,LWHEIRBC1,2044,0
REGION1,LWHELRBC1,2044,0
REGION1,NGS,2044,0
REGION1,PUBWATBC1,2044,0
REGION1,PWRBIO,2044,0
REGION1,PWRGEO,2044,0
REGION1,PWRHYD,2044,0
REGION1,PWRNGS,2044,0
REGION1,PWRSOL,2044,0
REGION1,PWRURN,2044,0
REGION1,PWRWATBC1,2044,0
REGION1,PWRWND,2044,0
REGION1,RESBIO,2044,0
REGION1,RESELCB02,2044,97.053
REGION1,RESKER,2044,0
REGION1,RESNGS,2044,0
REGION1,SOL,2044,0
REGION1,TRABIO,2044,0
REGION1,TRADSL,2044,0
REGION1,TRAELCB02,2044,32.616
REGION1,TRAGSL,2044,0
REGION1,TRAHFO,2044,0
REGION1,TRAJFL,2044,0
REGION1,TRALPG,2044,0
REGION1,TRANGS,2044,0
REGION1,URN,2044,0
REGION1,WND,2044,0
REGION1,WTREVTBC1,2044,0
REGION1,WTRGRCBC1,2044,0
REGION1,WTRPRCBC1,2044,0
REGION1,WTRSURBC1,2044,0
REGION1,AGRDSL,2045,0
REGION1,AGRELCB02,2045,0
REGION1,AGRNGS,2045,0
REGION1,AGRWATBC1,2045,0
REGION1,BIO,2045,0
REGION1,COA,2045,0
REGION1,COMBIO,2045,0
REGION1,COMELCB02,2045,72.848
REGION1,COMKER,2045,0
REGION1,COMNGS,2045,0
REGION1,CRPALF,2045,0
REGION1,CRPBRL,2045,0
REGION1,CRPMAI,2045,0
REGION1,CRPOAT,2045,0
REGION1,CRPOTH,2045,0
REGION1,CRPPEA,2045,0
REGION1,CRPPTW,2045,0
REGION1,CRPRAP,2045,0
REGION1,CRPRYE,2045,0
REGION1,CRPWHE,2045,0
REGION1,CRU,2045,0
REGION1,DSL,2045,0
REGION1,ELCB01,2045,0
REGION1,ELCB02,2045,0
REGION1,GEO,2045,0
REGION1,GSL,2045,0
REGION1,HFO,2045,0
REGION1,HYD,2045,0
REGION1,INDBIO,2045,0
REGION1,INDDSL,2045,0
REGION1,INDELCB02,2045,105.633
REGION1,INDNGS,2045,0
REGION1,JFL,2045,0
REGION1,KER,2045,0
REGION1,LALFHIBC1,2045,0
REGION1,LALFHRBC1,2045,0
REGION1,LALFIIBC1,2045,0
REGION1,LALFIRBC1,2045,0
REGION1,LALFLRBC1,2045,0
REGION1,LBARBC1,2045,0
REGION1,LBC1,2045,0
REGION1,LBLTBC1,2045,0
REGION1,LBRLHIBC1,2045,0
REGION1,LBRLHRBC1,2045,0
REGION1,LBRLIIBC1,2045,0
REGION1,LBRLIRBC1,2045,0
REGION1,LBRLLRBC1,2045,0
REGION1,LFORBC1,2045,0
REGION1,LGRSBC1,2045,0
REGION1,LMAIHIBC1,2045,0
REGION1,LMAIHRBC1,2045,0
REGION1,LMAIIIBC1,2045,0
REGION1,LMAIIRBC1,2045,0
REGION1,LMAILRBC1,2045,0
REGION1,LND4PWR,2045,0
REGION1,LOATHIBC1,2045,0
REGION1,LOATHRBC1,2045,0
REGION1,LOATIIBC1,2045,0
REGION1,LOATIRBC1,2045,0
REGION1,LOATLRBC1,2045,0
REGION1,LOTHBC1,2045,0
REGION1,LOTHHIBC1,2045,0
REGION1,LOTHHRBC1,2045,0
REGION1,LOTHIIBC1,2045,0
REGION1,LOTHIRBC1,2045,0
REGION1,LOTHLRBC1,2045,0
REGION1,LPEAHIBC1,2045,0
REGION1,LPEAHRBC1,2045,0
REGION1,LPEAIIBC1,2045,0
REGION1,LPEAIRBC1,2045,0
REGION1,LPEALRBC1,2045,0
REGION1,LPG,2045,0
REGION1,LPTWHIBC1,2045,0
REGION1,LPTWHRBC1,2045,0
REGION1,LPTWIIBC1,2045,0
REGION1,LPTWIRBC1,2045,0
REGION1,LPTWLRBC1,2045,0
REGION1,LRAPHIBC1,2045,0
REGION1,LRAPHRBC1,2045,0
REGION1,LRAPIIBC1,2045,0
REGION1,LRAPIRBC1,2045,0
REGION1,LRAPLRBC1,2045,0
REGION1,LRYEHIBC1,2045,0
REGION1,LRYEHRBC1,2045,0
REGION1,LRYEIIBC1,2045,0
REGION1,LRYEIRBC1,2045,0
REGION1,LRYELRBC1,2045,0
REGION1,LWATBC1,2045,0
REGION1,LWHEHIBC1,2045,0
REGION1,LWHEHRBC1,2045,0
REGION1,LWHEIIBC1,2045,0
REGION1,LWHEIRBC1,2045,0
REGION1,LWHELRBC1,2045,0
REGION1,NGS,2045,0
REGION1,PUBWATBC1,2045,0
REGION1,PWRBIO,2045,0
REGION1,PWRGEO,2045,0
REGION1,PWRHYD,2045,0
REGION1,PWRNGS,2045,0
REGION1,PWRSOL,2045,0
REGION1,PWRURN,2045,0
REGION1,PWRWATBC1,2045,0
REGION1,PWRWND,2045,0
REGION1,RESBIO,2045,0
REGION1,RESELCB02,2045,97.641
REGION1,RESKER,2045,0
REGION1,RESNGS,2045,0
REGION1,SOL,2045,0
REGION1,TRABIO,2045,0
REGION1,TRADSL,2045,0
REGION1,TRAELCB02,2045,34.39
REGION1,TRAGSL,2045,0
REGION1,TRAHFO,2045,0
REGION1,TRAJFL,2045,0
REGION1,TRALPG,2045,0
REGION1,TRANGS,2045,0
REGION1,URN,2045,0
REGION1,WND,2045,0
REGION1,WTREVTBC1,2045,0
REGION1,WTRGRCBC1,2045,0
REGION1,WTRPRCBC1,2045,0
REGION1,WTRSURBC1,2045,0
REGION1,AGRDSL,2046,0
REGION1,AGRELCB02,2046,0
REGION1,AGRNGS,2046,0
REGION1,AGRWATBC1,2046,0
REGION1,BIO,2046,0
REGION1,COA,2046,0
REGION1,COMBIO,2046,0
REGION1,COMELCB02,2046,73.317
REGION1,COMKER,2046,0
REGION1,COMNGS,2046,0
REGION1,CRPALF,2046,0
REGION1,CRPBRL,2046,0
REGION1,CRPMAI,2046,0
REGION1,CRPOAT,2046,0
REGION1,CRPOTH,2046,0
REGION1,CRPPEA,2046,0
REGION1,CRPPTW,2046,0
REGION1,CRPRAP,2046,0
REGION1,CRPRYE,2046,0
REGION1,CRPWHE,2046,0
REGION1,CRU,2046,0
REGION1,DSL,2046,0
REGION1,ELCB01,2046,0
REGION1,ELCB02,2046,0
REGION1,GEO,2046,0
REGION1,GSL,2046,0
REGION1,HFO,2046,0
REGION1,HYD,2046,0
REGION1,INDBIO,2046,0
REGION1,INDDSL,2046,0
REGION1,INDELCB02,2046,105.196
REGION1,INDNGS,2046,0
REGION1,JFL,2046,0
REGION1,KER,2046,0
REGION1,LALFHIBC1,2046,0
REGION1,LALFHRBC1,2046,0
REGION1,LALFIIBC1,2046,0
REGION1,LALFIRBC1,2046,0
REGION1,LALFLRBC1,2046,0
REGION1,LBARBC1,2046,0
REGION1,LBC1,2046,0
REGION1,LBLTBC1,2046,0
REGION1,LBRLHIBC1,2046,0
REGION1,LBRLHRBC1,2046,0
REGION1,LBRLIIBC1,2046,0
REGION1,LBRLIRBC1,2046,0
REGION1,LBRLLRBC1,2046,0
REGION1,LFORBC1,2046,0
REGION1,LGRSBC1,2046,0
REGION1,LMAIHIBC1,2046,0
REGION1,LMAIHRBC1,2046,0
REGION1,LMAIIIBC1,2046,0
REGION1,LMAIIRBC1,2046,0
REGION1,LMAILRBC1,2046,0
REGION1,LND4PWR,2046,0
REGION1,LOATHIBC1,2046,0
REGION1,LOATHRBC1,2046,0
REGION1,LOATIIBC1,2046,0
REGION1,LOATIRBC1,2046,0
REGION1,LOATLRBC1,2046,0
REGION1,LOTHBC1,2046,0
REGION1,LOTHHIBC1,2046,0
REGION1,LOTHHRBC1,2046,0
REGION1,LOTHIIBC1,2046,0
REGION1,LOTHIRBC1,2046,0
REGION1,LOTHLRBC1,2046,0
REGION1,LPEAHIBC1,2046,0
REGION1,LPEAHRBC1,2046,0
REGION1,LPEAIIBC1,2046,0
REGION1,LPEAIRBC1,2046,0
REGION1,LPEALRBC1,2046,0
REGION1,LPG,2046,0
REGION1,LPTWHIBC1,2046,0
REGION1,LPTWHRBC1,2046,0
REGION1,LPTWIIBC1,2046,0
REGION1,LPTWIRBC1,2046,0
REGION1,LPTWLRBC1,2046,0
REGION1,LRAPHIBC1,2046,0
REGION1,LRAPHRBC1,2046,0
REGION1,LRAPIIBC1,2046,0
REGION1,LRAPIRBC1,2046,0
REGION1,LRAPLRBC1,2046,0
REGION1,LRYEHIBC1,2046,0
REGION1,LRYEHRBC1,2046,0
REGION1,LRYEIIBC1,2046,0
REGION1,LRYEIRBC1,2046,0
REGION1,LRYELRBC1,2046,0
REGION1,LWATBC1,2046,0
REGION1,LWHEHIBC1,2046,0
REGION1,LWHEHRBC1,2046,0
REGION1,LWHEIIBC1,2046,0
REGION1,LWHEIRBC1,2046,0
REGION1,LWHELRBC1,2046,0
REGION1,NGS,2046,0
REGION1,PUBWATBC1,2046,0
REGION1,PWRBIO,2046,0
REGION1,PWRGEO,2046,0
REGION1,PWRHYD,2046,0
REGION1,PWRNGS,2046,0
REGION1,PWRSOL,2046,0
REGION1,PWRURN,2046,0
REGION1,PWRWATBC1,2046,0
REGION1,PWRWND,2046,0
REGION1,RESBIO,2046,0
REGION1,RESELCB02,2046,98.228
REGION1,RESKER,2046,0
REGION1,RESNGS,2046,0
REGION1,SOL,2046,0
REGION1,TRABIO,2046,0
REGION1,TRADSL,2046,0
REGION1,TRAELCB02,2046,36.164
REGION1,TRAGSL,2046,0
REGION1,TRAHFO,2046,0
REGION1,TRAJFL,2046,0
REGION1,TRALPG,2046,0
REGION1,TRANGS,2046,0
REGION1,URN,2046,0
REGION1,WND,2046,0
REGION1,WTREVTBC1,2046,0
REGION1,WTRGRCBC1,2046,0
REGION1,WTRPRCBC1,2046,0
REGION1,WTRSURBC1,2046,0
REGION1,AGRDSL,2047,0
REGION1,AGRELCB02,2047,0
REGION1,AGRNGS,2047,0
REGION1,AGRWATBC1,2047,0
REGION1,BIO,2047,0
REGION1,COA,2047,0
REGION1,COMBIO,2047,0
REGION1,COMELCB02,2047,73.787
REGION1,COMKER,2047,0
REGION1,COMNGS,2047,0
REGION1,CRPALF,2047,0
REGION1,CRPBRL,2047,0
REGION1,CRPMAI,2047,0
REGION1,CRPOAT,2047,0
REGION1,CRPOTH,2047,0
REGION1,CRPPEA,2047,0
REGION1,CRPPTW,2047,0
REGION1,CRPRAP,2047,0
REGION1,CRPRYE,2047,0
REGION1,CRPWHE,2047,0
REGION1,CRU,2047,0
REGION1,DSL,2047,0
REGION1,ELCB01,2047,0
REGION1,ELCB02,2047,0
REGION1,GEO,2047,0
REGION1,GSL,2047,0
REGION1,HFO,2047,0
REGION1,HYD,2047,0
REGION1,INDBIO,2047,0
REGION1,INDDSL,2047,0
REGION1,INDELCB02,2047,104.759
REGION1,INDNGS,2047,0
REGION1,JFL,2047,0
REGION1,KER,2047,0
REGION1,LALFHIBC1,2047,0
REGION1,LALFHRBC1,2047,0
REGION1,LALFIIBC1,2047,0
REGION1,LALFIRBC1,2047,0
REGION1,LALFLRBC1,2047,0
REGION1,LBARBC1,2047,0
REGION1,LBC1,2047,0
REGION1,LBLTBC1,2047,0
REGION1,LBRLHIBC1,2047,0
REGION1,LBRLHRBC1,2047,0
REGION1,LBRLIIBC1,2047,0
REGION1,LBRLIRBC1,2047,0
REGION1,LBRLLRBC1,2047,0
REGION1,LFORBC1,2047,0
REGION1,LGRSBC1,2047,0
REGION1,LMAIHIBC1,2047,0
REGION1,LMAIHRBC1,2047,0
REGION1,LMAIIIBC1,2047,0
REGION1,LMAIIRBC1,2047,0
REGION1,LMAILRBC1,2047,0
REGION1,LND4PWR,2047,0
REGION1,LOATHIBC1,2047,0
REGION1,LOATHRBC1,2047,0
REGION1,LOATIIBC1,2047,0
REGION1,LOATIRBC1,2047,0
REGION1,LOATLRBC1,2047,0
REGION1,LOTHBC1,2047,0
REGION1,LOTHHIBC1,2047,0
REGION1,LOTHHRBC1,2047,0
REGION1,LOTHIIBC1,2047,0
REGION1,LOTHIRBC1,2047,0
REGION1,LOTHLRBC1,2047,0
REGION1,LPEAHIBC1,2047,0
REGION1,LPEAHRBC1,2047,0
REGION1,LPEAIIBC1,2047,0
REGION1,LPEAIRBC1,2047,0
REGION1,LPEALRBC1,2047,0
REGION1,LPG,2047,0
REGION1,LPTWHIBC1,2047,0
REGION1,LPTWHRBC1,2047,0
REGION1,LPTWIIBC1,2047,0
REGION1,LPTWIRBC1,2047,0
REGION1,LPTWLRBC1,2047,0
REGION1,LRAPHIBC1,2047,0
REGION1,LRAPHRBC1,2047,0
REGION1,LRAPIIBC1,2047,0
REGION1,LRAPIRBC1,2047,0
REGION1,LRAPLRBC1,2047,0
REGION1,LRYEHIBC1,2047,0
REGION1,LRYEHRBC1,2047,0
REGION1,LRYEIIBC1,2047,0
REGION1,LRYEIRBC1,2047,0
REGION1,LRYELRBC1,2047,0
REGION1,LWATBC1,2047,0
REGION1,LWHEHIBC1,2047,0
REGION1,LWHEHRBC1,2047,0
REGION1,LWHEIIBC1,2047,0
REGION1,LWHEIRBC1,2047,0
REGION1,LWHELRBC1,2047,0
REGION1,NGS,2047,0
REGION1,PUBWATBC1,2047,0
REGION1,PWRBIO,2047,0
REGION1,PWRGEO,2047,0
REGION1,PWRHYD,2047,0
REGION1,PWRNGS,2047,0
REGION1,PWRSOL,2047,0
REGION1,PWRURN,2047,0
REGION1,PWRWATBC1,2047,0
REGION1,PWRWND,2047,0
REGION1,RESBIO,2047,0
REGION1,RESELCB02,2047,98.816
REGION1,RESKER,2047,0
REGION1,RESNGS,2047,0
REGION1,SOL,2047,0
REGION1,TRABIO,2047,0
REGION1,TRADSL,2047,0
REGION1,TRAELCB02,2047,37.937
REGION1,TRAGSL,2047,0
REGION1,TRAHFO,2047,0
REGION1,TRAJFL,2047,0
REGION1,TRALPG,2047,0
REGION1,TRANGS,2047,0
REGION1,URN,2047,0
REGION1,WND,2047,0
REGION1,WTREVTBC1,2047,0
REGION1,WTRGRCBC1,2047,0
REGION1,WTRPRCBC1,2047,0
REGION1,WTRSURBC1,2047,0
REGION1,AGRDSL,2048,0
REGION1,AGRELCB02,2048,0
REGION1,AGRNGS,2048,0
REGION1,AGRWATBC1,2048,0
REGION1,BIO,2048,0
REGION1,COA,2048,0
REGION1,COMBIO,2048,0
REGION1,COMELCB02,2048,74.256
REGION1,COMKER,2048,0
REGION1,COMNGS,2048,0
REGION1,CRPALF,2048,0
REGION1,CRPBRL,2048,0
REGION1,CRPMAI,2048,0
REGION1,CRPOAT,2048,0
REGION1,CRPOTH,2048,0
REGION1,CRPPEA,2048,0
REGION1,CRPPTW,2048,0
REGION1,CRPRAP,2048,0
REGION1,CRPRYE,2048,0
REGION1,CRPWHE,2048,0
REGION1,CRU,2048,0
REGION1,DSL,2048,0
REGION1,ELCB01,2048,0
REGION1,ELCB02,2048,0
REGION1,GEO,2048,0
REGION1,GSL,2048,0
REGION1,HFO,2048,0
REGION1,HYD,2048,0
REGION1,INDBIO,2048,0
REGION1,INDDSL,2048,0
REGION1,INDELCB02,2048,104.322
REGION1,INDNGS,2048,0
REGION1,JFL,2048,0
REGION1,KER,2048,0
REGION1,LALFHIBC1,2048,0
REGION1,LALFHRBC1,2048,0
REGION1,LALFIIBC1,2048,0
REGION1,LALFIRBC1,2048,0
REGION1,LALFLRBC1,2048,0
REGION1,LBARBC1,2048,0
REGION1,LBC1,2048,0
REGION1,LBLTBC1,2048,0
REGION1,LBRLHIBC1,2048,0
REGION1,LBRLHRBC1,2048,0
REGION1,LBRLIIBC1,2048,0
REGION1,LBRLIRBC1,2048,0
REGION1,LBRLLRBC1,2048,0
REGION1,LFORBC1,2048,0
REGION1,LGRSBC1,2048,0
REGION1,LMAIHIBC1,2048,0
REGION1,LMAIHRBC1,2048,0
REGION1,LMAIIIBC1,2048,0
REGION1,LMAIIRBC1,2048,0
REGION1,LMAILRBC1,2048,0
REGION1,LND4PWR,2048,0
REGION1,LOATHIBC1,2048,0
REGION1,LOATHRBC1,2048,0
REGION1,LOATIIBC1,2048,0
REGION1,LOATIRBC1,2048,0
REGION1,LOATLRBC1,2048,0
REGION1,LOTHBC1,2048,0
REGION1,LOTHHIBC1,2048,0
REGION1,LOTHHRBC1,2048,0
REGION1,LOTHIIBC1,2048,0
REGION1,LOTHIRBC1,2048,0
REGION1,LOTHLRBC1,2048,0
REGION1,LPEAHIBC1,2048,0
REGION1,LPEAHRBC1,2048,0
REGION1,LPEAIIBC1,2048,0
REGION1,LPEAIRBC1,2048,0
REGION1,LPEALRBC1,2048,0
REGION1,LPG,2048,0
REGION1,LPTWHIBC1,2048,0
REGION1,LPTWHRBC1,2048,0
REGION1,LPTWIIBC1,2048,0
REGION1,LPTWIRBC1,2048,0
REGION1,LPTWLRBC1,2048,0
REGION1,LRAPHIBC1,2048,0
REGION1,LRAPHRBC1,2048,0
REGION1,LRAPIIBC1,2048,0
REGION1,LRAPIRBC1,2048,0
REGION1,LRAPLRBC1,2048,0
REGION1,LRYEHIBC1,2048,0
REGION1,LRYEHRBC1,2048,0
REGION1,LRYEIIBC1,2048,0
REGION1,LRYEIRBC1,2048,0
REGION1,LRYELRBC1,2048,0
REGION1,LWATBC1,2048,0
REGION1,LWHEHIBC1,2048,0
REGION1,LWHEHRBC1,2048,0
REGION1,LWHEIIBC1,2048,0
REGION1,LWHEIRBC1,2048,0
REGION1,LWHELRBC1,2048,0
REGION1,NGS,2048,0
REGION1,PUBWATBC1,2048,0
REGION1,PWRBIO,2048,0
REGION1,PWRGEO,2048,0
REGION1,PWRHYD,2048,0
REGION1,PWRNGS,2048,0
REGION1,PWRSOL,2048,0
REGION1,PWRURN,2048,0
REGION1,PWRWATBC1,2048,0
REGION1,PWRWND,2048,0
REGION1,RESBIO,2048,0
REGION1,RESELCB02,2048,99.403
REGION1,RESKER,2048,0
REGION1,RESNGS,2048,0
REGION1,SOL,2048,0
REGION1,TRABIO,2048,0
REGION1,TRADSL,2048,0
REGION1,TRAELCB02,2048,39.711
REGION1,TRAGSL,2048,0
REGION1,TRAHFO,2048,0
REGION1,TRAJFL,2048,0
REGION1,TRALPG,2048,0
REGION1,TRANGS,2048,0
REGION1,URN,2048,0
REGION1,WND,2048,0
REGION1,WTREVTBC1,2048,0
REGION1,WTRGRCBC1,2048,0
REGION1,WTRPRCBC1,2048,0
REGION1,WTRSURBC1,2048,0
REGION1,AGRDSL,2049,0
REGION1,AGRELCB02,2049,0
REGION1,AGRNGS,2049,0
REGION1,AGRWATBC1,2049,0
REGION1,BIO,2049,0
REGION1,COA,2049,0
REGION1,COMBIO,2049,0
REGION1,COMELCB02,2049,74.725
REGION1,COMKER,2049,0
REGION1,COMNGS,2049,0
REGION1,CRPALF,2049,0
REGION1,CRPBRL,2049,0
REGION1,CRPMAI,2049,0
REGION1,CRPOAT,2049,0
REGION1,CRPOTH,2049,0
REGION1,CRPPEA,2049,0
REGION1,CRPPTW,2049,0
REGION1,CRPRAP,2049,0
REGION1,CRPRYE,2049,0
REGION1,CRPWHE,2049,0
REGION1,CRU,2049,0
REGION1,DSL,2049,0
REGION1,ELCB01,2049,0
REGION1,ELCB02,2049,0
REGION1,GEO,2049,0
REGION1,GSL,2049,0
REGION1,HFO,2049,0
REGION1,HYD,2049,0
REGION1,INDBIO,2049,0
REGION1,INDDSL,2049,0
REGION1,INDELCB02,2049,103.885
REGION1,INDNGS,2049,0
REGION1,JFL,2049,0
REGION1,KER,2049,0
REGION1,LALFHIBC1,2049,0
REGION1,LALFHRBC1,2049,0
REGION1,LALFIIBC1,2049,0
REGION1,LALFIRBC1,2049,0
REGION1,LALFLRBC1,2049,0
REGION1,LBARBC1,2049,0
REGION1,LBC1,2049,0
REGION1,LBLTBC1,2049,0
REGION1,LBRLHIBC1,2049,0
REGION1,LBRLHRBC1,2049,0
REGION1,LBRLIIBC1,2049,0
REGION1,LBRLIRBC1,2049,0
REGION1,LBRLLRBC1,2049,0
REGION1,LFORBC1,2049,0
REGION1,LGRSBC1,2049,0
REGION1,LMAIHIBC1,2049,0
REGION1,LMAIHRBC1,2049,0
REGION1,LMAIIIBC1,2049,0
REGION1,LMAIIRBC1,2049,0
REGION1,LMAILRBC1,2049,0
REGION1,LND4PWR,2049,0
REGION1,LOATHIBC1,2049,0
REGION1,LOATHRBC1,2049,0
REGION1,LOATIIBC1,2049,0
REGION1,LOATIRBC1,2049,0
REGION1,LOATLRBC1,2049,0
REGION1,LOTHBC1,2049,0
REGION1,LOTHHIBC1,2049,0
REGION1,LOTHHRBC1,2049,0
REGION1,LOTHIIBC1,2049,0
REGION1,LOTHIRBC1,2049,0
REGION1,LOTHLRBC1,2049,0
REGION1,LPEAHIBC1,2049,0
REGION1,LPEAHRBC1,2049,0
REGION1,LPEAIIBC1,2049,0
REGION1,LPEAIRBC1,2049,0
REGION1,LPEALRBC1,2049,0
REGION1,LPG,2049,0
REGION1,LPTWHIBC1,2049,0
REGION1,LPTWHRBC1,2049,0
REGION1,LPTWIIBC1,2049,0
REGION1,LPTWIRBC1,2049,0
REGION1,LPTWLRBC1,2049,0
REGION1,LRAPHIBC1,2049,0
REGION1,LRAPHRBC1,2049,0
REGION1,LRAPIIBC1,2049,0
REGION1,LRAPIRBC1,2049,0
REGION1,LRAPLRBC1,2049,0
REGION1,LRYEHIBC1,2049,0
REGION1,LRYEHRBC1,2049,0
REGION1,LRYEIIBC1,2049,0
REGION1,LRYEIRBC1,2049,0
REGION1,LRYELRBC1,2049,0
REGION1,LWATBC1,2049,0
REGION1,LWHEHIBC1,2049,0
REGION1,LWHEHRBC1,2049,0
REGION1,LWHEIIBC1,2049,0
REGION1,LWHEIRBC1,2049,0
REGION1,LWHELRBC1,2049,0
REGION1,NGS,2049,0
REGION1,PUBWATBC1,2049,0
REGION1,PWRBIO,2049,0
REGION1,PWRGEO,2049,0
REGION1,PWRHYD,2049,0
REGION1,PWRNGS,2049,0
REGION1,PWRSOL,2049,0
REGION1,PWRURN,2049,0
REGION1,PWRWATBC1,2049,0
REGION1,PWRWND,2049,0
REGION1,RESBIO,2049,0
REGION1,RESELCB02,2049,99.991
REGION1,RESKER,2049,0
REGION1,RESNGS,2049,0
REGION1,SOL,2049,0
REGION1,TRABIO,2049,0
REGION1,TRADSL,2049,0
REGION1,TRAELCB02,2049,41.485
REGION1,TRAGSL,2049,0
REGION1,TRAHFO,2049,0
REGION1,TRAJFL,2049,0
REGION1,TRALPG,2049,0
REGION1,TRANGS,2049,0
REGION1,URN,2049,0
REGION1,WND,2049,0
REGION1,WTREVTBC1,2049,0
REGION1,WTRGRCBC1,2049,0
REGION1,WTRPRCBC1,2049,0
REGION1,WTRSURBC1,2049,0
REGION1,AGRDSL,2050,0
REGION1,AGRELCB02,2050,0
REGION1,AGRNGS,2050,0
REGION1,AGRWATBC1,2050,0
REGION1,BIO,2050,0
REGION1,COA,2050,0
REGION1,COMBIO,2050,0
REGION1,COMELCB02,2050,75.194
REGION1,COMKER,2050,0
REGION1,COMNGS,2050,0
REGION1,CRPALF,2050,0
REGION1,CRPBRL,2050,0
REGION1,CRPMAI,2050,0
REGION1,CRPOAT,2050,0
REGION1,CRPOTH,2050,0
REGION1,CRPPEA,2050,0
REGION1,CRPPTW,2050,0
REGION1,CRPRAP,2050,0
REGION1,CRPRYE,2050,0
REGION1,CRPWHE,2050,0
REGION1,CRU,2050,0
REGION1,DSL,2050,0
REGION1,ELCB01,2050,0
REGION1,ELCB02,2050,0
REGION1,GEO,2050,0
REGION1,GSL,2050,0
REGION1,HFO,2050,0
REGION1,HYD,2050,0
REGION1,INDBIO,2050,0
REGION1,INDDSL,2050,0
REGION1,INDELCB02,2050,103.448
REGION1,INDNGS,2050,0
REGION1,JFL,2050,0
REGION1,KER,2050,0
REGION1,LALFHIBC1,2050,0
REGION1,LALFHRBC1,2050,0
REGION1,LALFIIBC1,2050,0
REGION1,LALFIRBC1,2050,0
REGION1,LALFLRBC1,2050,0
REGION1,LBARBC1,2050,0
REGION1,LBC1,2050,0
REGION1,LBLTBC1,2050,0
REGION1,LBRLHIBC1,2050,0
REGION1,LBRLHRBC1,2050,0
REGION1,LBRLIIBC1,2050,0
REGION1,LBRLIRBC1,2050,0
REGION1,LBRLLRBC1,2050,0
REGION1,LFORBC1,2050,0
REGION1,LGRSBC1,2050,0
REGION1,LMAIHIBC1,2050,0
REGION1,LMAIHRBC1,2050,0
REGION1,LMAIIIBC1,2050,0
REGION1,LMAIIRBC1,2050,0
REGION1,LMAILRBC1,2050,0
REGION1,LND4PWR,2050,0
REGION1,LOATHIBC1,2050,0
REGION1,LOATHRBC1,2050,0
REGION1,LOATIIBC1,2050,0
REGION1,LOATIRBC1,2050,0
REGION1,LOATLRBC1,2050,0
REGION1,LOTHBC1,2050,0
REGION1,LOTHHIBC1,2050,0
REGION1,LOTHHRBC1,2050,0
REGION1,LOTHIIBC1,2050,0
REGION1,LOTHIRBC1,2050,0
REGION1,LOTHLRBC1,2050,0
REGION1,LPEAHIBC1,2050,0
REGION1,LPEAHRBC1,2050,0
REGION1,LPEAIIBC1,2050,0
REGION1,LPEAIRBC1,2050,0
REGION1,LPEALRBC1,2050,0
REGION1,LPG,2050,0
REGION1,LPTWHIBC1,2050,0
REGION1,LPTWHRBC1,2050,0
REGION1,LPTWIIBC1,2050,0
REGION1,LPTWIRBC1,2050,0
REGION1,LPTWLRBC1,2050,0
REGION1,LRAPHIBC1,2050,0
REGION1,LRAPHRBC1,2050,0
REGION1,LRAPIIBC1,2050,0
REGION1,LRAPIRBC1,2050,0
REGION1,LRAPLRBC1,2050,0
REGION1,LRYEHIBC1,2050,0
REGION1,LRYEHRBC1,2050,0
REGION1,LRYEIIBC1,2050,0
REGION1,LRYEIRBC1,2050,0
REGION1,LRYELRBC1,2050,0
REGION1,LWATBC1,2050,0
REGION1,LWHEHIBC1,2050,0
REGION1,LWHEHRBC1,2050,0
REGION1,LWHEIIBC1,2050,0
REGION1,LWHEIRBC1,2050,0
REGION1,LWHELRBC1,2050,0
REGION1,NGS,2050,0
REGION1,PUBWATBC1,2050,0
REGION1,PWRBIO,2050,0
REGION1,PWRGEO,2050,0
REGION1,PWRHYD,2050,0
REGION1,PWRNGS,2050,0
REGION1,PWRSOL,2050,0
REGION1,PWRURN,2050,0
REGION1,PWRWATBC1,2050,0
REGION1,PWRWND,2050,0
REGION1,RESBIO,2050,0
REGION1,RESELCB02,2050,100.578
REGION1,RESKER,2050,0
REGION1,RESNGS,2050,0
REGION1,SOL,2050,0
REGION1,TRABIO,2050,0
REGION1,TRADSL,2050,0
REGION1,TRAELCB02,2050,43.259
REGION1,TRAGSL,2050,0
REGION1,TRAHFO,2050,0
REGION1,TRAJFL,2050,0
REGION1,TRALPG,2050,0
REGION1,TRANGS,2050,0
REGION1,URN,2050,0
REGION1,WND,2050,0
REGION1,WTREVTBC1,2050,0
REGION1,WTRGRCBC1,2050,0
REGION1,WTRPRCBC1,2050,0
REGION1,WTRSURBC1,2050,0
